Age,Total_Spend_in_Dollars,Number_of_Transactions,Unique_Products_Purchased,Complain_Rate,Days_Since_Last_Purchase
29,632.58,16,21,0.25,13
33,710.64,20,18,0.225,10
26,653,19,18,0.16,60
32,650.16,14,24,0.25,15
27,644.53,16,20,0.25,23
33,643.95,17,24,0.205,8
36,630.34,18,21,0.22,15
30,629.85,20,22,0.35,0
29,628.56,16,23,0.345,28
18,628.01,16,26,0.315,33
30,625.12,15,21,0.165,18
32,618.59,17,18,0.235,13
18,616.1,15,18,0.2,90
35,614.55,17,24,0.265,30
45,613.54,16,24,0.315,25
20,612.52,12,20,0.29,33
17,609.34,13,20,0.155,53
39,608.95,17,26,0.145,0
33,604.97,18,22,0.25,10
33,604.86,16,23,0.25,25
30,603.6,17,29,0.235,8
33,602.42,8,25,0.25,23
27,601.39,13,24,0.345,8
29,600.94,16,23,0.22,8
27,600.44,16,19,0.375,5
29,600.03,13,26,0.23,0
29,599.67,17,25,0.295,10
32,599.59,15,27,0.335,3
32,599.16,19,20,0.265,15
20,597.59,14,25,0.25,8
23,596.42,14,28,0.25,10
24,594.3,16,27,0.315,30
36,592.57,17,21,0.205,5
30,591.6,16,19,0.155,10
32,591.4,15,21,0.265,8
33,591.18,16,27,0.25,3
35,589.63,17,20,0.205,0
33,589.06,14,24,0.32,5
27,588.99,14,25,0.285,10
29,588.33,13,26,0.27,20
32,587.64,15,27,0.2,13
38,586.53,13,24,0.385,25
36,586.03,19,27,0.21,25
33,585.87,15,26,0.265,18
23,585.35,22,19,0.32,65
24,584.96,15,28,0.135,23
35,584.85,18,23,0.39,33
20,584.53,17,22,0.145,80
27,584.15,17,27,0.265,3
33,583.15,12,20,0.25,8
33,582.85,15,26,0.2,20
12,582.83,18,28,0.11,78
27,581.59,18,21,0.305,30
24,580.04,15,21,0.2,15
26,579.91,16,27,0.315,25
29,578.4,15,22,0.235,25
29,578.23,14,30,0.215,15
30,577.77,13,20,0.345,5
17,575.71,17,23,0.265,88
23,575.47,17,18,0.03,65
38,575.26,16,28,0.22,20
30,574.76,17,24,0.175,0
32,574.29,18,25,0.165,8
18,573.84,16,23,0.28,90
36,573.51,14,34,0.25,15
30,573.27,16,24,0.22,18
26,572.78,19,23,0.29,5
33,572.77,16,23,0.22,28
35,572,15,21,0.235,10
20,571.89,20,20,0.175,70
27,571.64,17,25,0.205,25
30,571.52,17,24,0.175,3
20,571.52,14,26,0.215,68
30,571.51,18,26,0.28,20
21,571.04,17,26,0.265,23
29,569.51,13,21,0.27,18
39,569.45,16,23,0.25,0
29,568.87,19,22,0.265,23
18,568.73,17,13,0.295,68
27,568.06,15,22,0.3,25
39,567.66,14,23,0.25,20
15,567.56,16,15,0.19,63
36,567.49,15,23,0.2,10
15,566.72,17,22,0.235,78
38,566.46,20,26,0.15,0
36,566.35,15,27,0.265,5
24,565.27,16,23,0.22,3
24,565.15,15,23,0.335,13
33,564.87,15,23,0.3,10
24,564.84,17,23,0.205,80
23,564.83,16,26,0.25,25
30,564.46,14,19,0.25,20
17,563.99,18,23,0.14,75
12,563.92,15,19,0.265,63
32,563.75,16,21,0.25,28
32,563.72,16,21,0.19,18
32,563.59,16,27,0.25,28
12,562.86,16,24,0.19,60
33,562.42,18,26,0.25,23
30,562.28,22,23,0.275,30
29,562.27,15,29,0.235,3
20,561.76,19,17,0.16,63
29,561.69,18,20,0.22,3
36,561.58,14,25,0.105,15
33,561.56,14,17,0.285,5
30,560.78,16,21,0.22,63
27,560.54,14,24,0.32,3
29,560.41,18,29,0.25,30
33,559.92,15,26,0.235,10
30,559.8,17,24,0.175,10
26,559.72,16,24,0.28,10
36,558.81,16,23,0.155,30
14,558.43,16,21,0.22,80
18,558.19,20,24,0.25,88
15,557.86,19,19,0.265,60
35,557.5,17,22,0.295,0
33,557.49,18,24,0.335,20
32,556.8,16,24,0.19,15
18,556.62,12,27,0.21,25
29,556.46,17,24,0.325,30
35,556.41,20,25,0.2,25
23,556.29,15,17,0.235,70
15,555.95,17,20,0.145,98
35,555.56,15,22,0.335,25
21,554.61,16,22,0.22,63
29,554.58,16,27,0.155,8
33,553.68,18,24,0.335,20
32,553.5,16,19,0.25,15
14,553.36,18,17,0.195,35
32,553.27,15,26,0.265,3
32,552.82,18,22,0.22,5
39,552.51,14,23,0.25,8
18,552.04,18,27,0.195,80
30,551.78,16,25,0.155,15
23,551.21,17,17,0.145,75
26,550.33,17,26,0.295,33
29,549.93,17,22,0.205,30
26,549.88,18,25,0.165,50
21,549.62,18,30,0.25,70
24,549.58,17,18,0.175,83
30,549.34,15,19,0.235,8
27,549.23,17,28,0.175,3
17,549.16,16,23,0.25,70
35,548.5,15,25,0.3,5
30,548.48,15,28,0.165,5
17,548.29,16,27,0.19,60
30,548.21,16,18,0.125,15
41,547.57,17,27,0.295,0
18,547,17,26,0.175,55
26,546.88,12,22,0.25,8
33,546.62,17,19,0.205,5
41,546.5,18,25,0.305,0
15,546.39,16,14,0.155,73
30,546.37,15,32,0.2,18
18,546.04,19,25,0.185,85
27,545.37,17,21,0.325,13
35,545.24,16,24,0.155,13
21,544.95,18,23,0.195,78
32,544.78,17,21,0.295,13
20,544.36,20,18,0.15,48
17,544.02,17,22,0.12,73
32,543.99,16,21,0.28,15
24,543.69,15,25,0.265,33
33,543.48,14,29,0.215,25
26,543.46,16,28,0.125,0
21,542.87,17,22,0.145,78
26,542.74,15,25,0.235,5
39,542.66,14,23,0.395,8
27,542.59,20,21,0.2,13
30,542.18,15,23,0.2,15
26,541.93,18,26,0.28,8
33,541.42,17,27,0.235,0
20,541.25,16,20,0.28,63
33,541.15,19,26,0.29,5
21,541.03,17,21,0.205,65
18,540.56,12,28,0.21,3
29,540.41,14,24,0.215,15
27,540.23,18,23,0.28,28
27,539.68,13,18,0.19,23
29,539.53,20,26,0.325,20
32,539.53,18,25,0.22,20
33,539.38,17,22,0.235,15
32,539.28,14,24,0.25,30
20,539.01,16,16,0.125,73
32,539,19,23,0.395,3
23,538.59,18,24,0.28,30
36,538.51,15,27,0.2,10
24,538.3,17,21,0.205,13
26,538.29,22,21,0.275,8
26,538.26,17,24,0.235,8
32,538.11,19,28,0.29,25
29,537.88,13,23,0.31,5
21,537.87,14,19,0.215,70
23,537.74,19,19,0.185,75
21,537.59,18,21,0.28,63
27,537.46,20,22,0.275,0
29,537.37,10,20,0.2,13
21,537.2,18,24,0.165,60
21,537.14,15,22,0.2,70
23,536.7,20,22,0.225,63
27,536.56,19,20,0.235,80
39,536.49,18,25,0.25,8
24,536.32,19,19,0.185,80
10,535.99,22,24,0.275,85
23,535.82,16,16,0.065,68
38,535.66,21,22,0.31,3
23,535.52,18,22,0.14,15
26,535.5,16,25,0.19,30
33,535.47,18,20,0.25,18
23,535.26,18,23,0.14,53
32,535.13,17,16,0.205,18
15,534.99,21,24,0.215,63
38,534.88,20,25,0.275,10
14,534.24,19,23,0.16,75
30,534.21,22,28,0.275,10
21,533.9,12,23,0.21,50
30,533.82,15,21,0.135,48
20,533.79,20,25,0.15,73
15,533.42,18,21,0.25,60
30,533.36,19,26,0.185,15
35,533.24,13,25,0.23,18
20,533.06,13,20,0.23,70
33,532.54,17,30,0.175,3
27,532.47,16,26,0.25,30
35,532,16,25,0.22,30
36,531.92,17,22,0.175,23
24,531.62,15,20,0.035,55
32,531.55,17,21,0.355,3
26,531.51,16,21,0.28,28
38,531.39,16,24,0.25,20
20,531.37,19,26,0.185,90
20,531.13,16,20,0.19,18
21,531.13,20,21,0.175,73
32,531.02,12,20,0.165,20
23,530.95,18,18,0.14,63
12,530.88,16,23,0.125,75
26,530.83,15,24,0.165,28
33,530.76,14,23,0.25,30
27,530.61,15,23,0.265,15
32,530.52,16,21,0.19,10
24,530.33,21,19,0.215,68
35,530.2,14,23,0.215,8
29,529.88,17,26,0.235,25
15,529.81,17,23,0.12,58
24,529.72,17,19,0.145,80
29,529.69,17,29,0.145,28
33,529.3,14,17,0.285,30
20,529.26,19,23,0.13,75
30,529.2,19,22,0.265,18
29,529.17,18,19,0.165,63
24,528.77,16,23,0.345,15
29,528.76,14,19,0.145,3
24,528.59,15,25,0.235,78
23,528.58,19,20,0.105,73
41,528.41,13,26,0.155,10
20,528.11,15,26,0.235,13
38,527.97,19,24,0.265,30
38,527.71,16,24,0.25,15
33,527.01,15,21,0.235,33
26,526.98,18,26,0.085,73
27,526.96,17,25,0.205,15
27,526.81,17,27,0.295,13
20,526.69,18,25,0.11,53
24,526.6,19,22,0.16,70
33,526.56,17,24,0.205,30
27,526.34,18,21,0.25,13
38,526.31,17,25,0.235,13
32,526.23,14,26,0.215,18
26,526.09,20,22,0.15,75
21,525.91,16,23,0.25,8
20,525.75,19,24,0.16,13
29,525.58,11,21,0.225,5
38,525.43,14,27,0.25,3
30,525.38,16,24,0.315,3
20,525.21,21,26,0.165,80
26,525.16,17,24,0.205,50
32,525.08,17,18,0.325,25
26,524.96,18,26,0.22,83
27,524.88,17,27,0.325,25
24,524.77,18,22,0.25,60
41,524.7,15,28,0.2,8
20,524.7,18,23,0.305,53
18,524.38,15,25,0.265,18
30,524.13,17,28,0.235,25
32,524.01,15,27,0.235,10
20,523.46,18,25,0.195,88
18,523.34,17,28,0.265,55
23,523.23,19,22,0.265,80
38,523.2,13,27,0.19,8
32,522.95,14,27,0.285,25
23,522.81,16,21,0.25,68
24,522.62,19,20,0.13,95
36,522.57,17,26,0.235,28
23,522.42,17,25,0.265,60
26,522.17,18,28,0.11,63
42,522.14,15,24,0.235,13
23,522.08,15,22,0.2,3
20,522.02,21,21,0.19,75
30,521.58,16,21,0.22,15
24,521.47,18,21,0.165,70
27,521.38,19,25,0.21,30
23,521.31,20,20,0.15,75
30,521.2,17,22,0.265,18
30,521.04,20,21,0.125,0
32,521.02,17,19,0.295,3
18,520.97,16,24,0.22,68
27,520.91,15,20,0.265,33
24,520.9,15,24,0.265,18
35,520.72,17,24,0.325,23
33,520.62,10,23,0.2,10
20,520.62,15,22,0.3,78
27,520.54,20,26,0.225,13
23,520.51,16,22,0.25,75
32,520.15,17,19,0.205,13
21,520.13,16,18,0.125,3
15,519.82,16,21,0.125,60
15,519.73,14,23,0.25,78
30,519.72,17,26,0.235,10
24,519.66,16,25,0.25,10
38,519.6,13,24,0.23,30
33,519.15,15,21,0.335,15
23,519.13,17,25,0.175,60
32,519.05,17,19,0.175,3
26,518.91,14,24,0.215,15
32,518.78,17,26,0.325,23
15,518.61,19,21,0.13,70
17,518.56,20,20,0.175,70
27,518.36,18,21,0.335,15
32,518.36,19,24,0.16,15
35,518.34,19,22,0.315,8
24,518.3,16,17,0.22,75
17,518.13,18,25,0.11,53
33,518.06,19,19,0.395,8
21,517.97,15,25,0.165,78
15,517.72,21,21,0.05,70
38,517.7,17,26,0.205,5
32,517.61,19,24,0.21,28
23,517.57,16,22,0.19,53
27,517.09,16,23,0.405,5
29,516.84,16,23,0.375,23
32,516.63,20,20,0.25,25
30,516.47,17,28,0.265,28
18,515.96,18,21,0.195,55
33,515.88,14,18,0.18,8
33,515.88,14,25,0.25,20
17,515.86,14,23,0.215,65
24,515.52,19,18,0.29,68
26,515.2,17,26,0.175,10
30,515.19,15,21,0.3,15
24,515.19,16,17,0.25,63
29,514.69,16,17,0.065,58
26,514.46,18,21,0.305,30
35,514.15,18,23,0.195,3
27,513.74,12,23,0.21,25
30,513.39,13,24,0.27,18
21,512.87,20,21,0.2,73
27,512.72,17,20,0.235,80
33,512.66,13,21,0.19,30
27,512.52,15,19,0.235,75
30,512.47,21,26,0.24,28
33,512.25,16,19,0.22,30
23,512.25,13,22,0.19,5
26,512.02,15,26,0.265,25
20,511.99,19,26,0.21,65
21,511.98,17,20,0.12,60
32,511.7,18,26,0.305,13
35,511.69,16,24,0.315,33
27,511.56,18,20,0.195,30
15,511.52,16,17,0.125,48
24,511.43,20,20,0.125,25
26,511.37,15,19,0.135,83
26,511.34,15,27,0.235,10
36,511.32,13,31,0.31,20
33,511.3,14,23,0.18,3
29,511.26,16,23,0.25,28
38,511.2,16,24,0.19,8
26,511.06,19,29,0.235,23
35,511.04,17,29,0.175,23
21,511.03,19,20,0.235,70
23,511.01,15,22,0.135,55
26,511.01,18,23,0.055,60
32,510.78,20,22,0.175,25
18,510.76,20,25,0.225,68
24,510.62,15,16,0.2,13
33,510.58,15,23,0.265,23
15,510.53,17,29,0.12,63
32,510.19,18,26,0.28,0
23,510.14,15,23,0.035,70
32,510.13,16,24,0.28,3
32,510.13,13,30,0.345,8
33,510.02,12,22,0.21,18
36,509.99,14,24,0.215,18
30,509.86,18,22,0.335,18
20,509.86,19,22,0.265,73
20,509.52,18,21,0.28,68
38,509.51,13,28,0.155,5
29,509.42,18,28,0.25,0
27,509.34,19,23,0.21,45
26,508.91,20,16,0.15,78
36,508.9,18,26,0.28,10
32,508.72,18,28,0.165,28
20,508.59,16,26,0.19,70
30,508.57,15,30,0.265,18
18,508.54,16,20,0.155,70
20,508.52,21,26,0.24,65
23,508.49,18,21,0.195,68
29,508.35,18,17,0.22,75
32,508.31,16,22,0.125,15
30,508.22,19,25,0.265,3
33,508.12,14,26,0.25,10
18,507.95,19,26,0.105,85
33,507.9,15,26,0.235,10
18,507.89,20,22,0.2,83
17,507.76,18,23,0.14,63
36,507.72,17,27,0.205,15
29,507.67,19,24,0.315,23
32,507.67,16,24,0.22,30
30,507.49,13,25,0.31,8
38,507.4,16,21,0.19,23
26,507.27,18,28,0.305,30
30,507.25,16,18,0.25,15
21,507.16,18,23,0.25,68
36,506.93,15,18,0.2,13
27,506.42,19,26,0.29,23
27,506.35,16,25,0.19,5
14,506.24,19,16,0.16,75
30,506.23,15,29,0.165,15
33,505.9,24,26,0.27,20
20,505.75,19,22,0.29,60
18,505.72,19,22,0.265,63
26,505.67,17,20,0.235,63
23,505.55,11,21,0.275,35
20,505.55,16,23,0.19,65
38,505.54,18,26,0.22,30
35,505.5,19,27,0.315,13
29,505.34,13,20,0.345,3
26,505.31,14,23,0.25,28
30,505.25,14,23,0.25,10
32,505.18,19,28,0.235,23
24,505.18,16,19,0.315,65
14,505.1,17,29,0.295,65
17,505.02,16,29,0.22,60
32,504.93,17,26,0.295,0
35,504.81,17,25,0.38,5
15,504.72,17,20,0.12,73
21,504.59,16,18,0.22,80
32,504.42,18,26,0.28,3
27,504.34,16,30,0.28,25
35,504.33,16,22,0.345,15
20,504.3,17,18,0.235,65
30,504.26,12,24,0.21,5
32,504.25,19,21,0.37,10
26,504.09,18,24,0.03,60
26,504.02,18,24,0.28,5
30,503.86,12,23,0.21,15
30,503.69,13,24,0.31,0
35,503.42,18,25,0.335,18
26,503.41,17,29,0.235,5
27,503.36,19,30,0.34,33
17,503.24,14,20,0.18,73
39,503.21,19,23,0.185,10
23,503.2,16,27,0.25,65
29,503.19,17,21,0.295,20
23,503.08,18,26,0.22,70
30,503.05,16,27,0.22,8
20,502.92,17,23,0.205,70
26,502.9,18,28,0.195,80
32,502.86,17,25,0.355,18
35,502.82,16,21,0.28,23
21,502.79,19,30,0.185,75
27,502.57,15,18,0.235,28
30,502.54,16,23,0.19,5
29,502.53,15,16,0.2,23
32,502.47,17,26,0.295,20
27,502.46,19,21,0.21,85
18,502.37,17,18,0.205,60
33,502.28,16,20,0.28,15
39,502.11,16,24,0.095,15
32,502.02,16,23,0.095,30
30,501.93,14,20,0.18,8
30,501.65,14,27,0.285,3
14,501.65,17,20,0.355,70
27,500.98,18,27,0.305,15
18,500.92,16,23,0.19,53
24,500.92,22,25,0.205,70
32,500.77,15,22,0.235,18
35,500.6,16,21,0.25,25
32,500.6,19,25,0.185,30
36,500.59,15,20,0.265,15
27,500.51,16,23,0.28,5
23,500.41,17,26,0.205,85
32,500.38,17,29,0.235,18
39,500.25,16,25,0.155,23
30,500.24,19,22,0.315,13
38,500.21,16,22,0.28,8
33,500.16,18,19,0.25,23
35,500.13,17,25,0.265,20
29,500.06,14,24,0.32,33
30,499.95,15,29,0.265,28
30,499.92,16,14,0.095,58
24,499.85,17,24,0.295,10
35,499.84,20,27,0.225,30
21,499.84,17,15,0.145,60
36,499.43,14,24,0.285,18
21,499.38,19,25,0.16,75
39,499.37,18,20,0.36,18
30,499.31,16,30,0.25,5
23,499.22,20,18,0.1,90
30,499.17,15,26,0.265,8
32,498.96,14,24,0.25,20
38,498.75,17,21,0.325,0
33,498.68,17,27,0.295,0
18,498.61,15,25,0.135,70
32,498.6,16,21,0.155,60
38,498.54,14,28,0.215,8
39,498.45,17,22,0.09,5
32,498.19,16,22,0.25,25
29,498.05,11,25,0.275,8
26,498.01,17,25,0.265,35
15,498.01,19,24,0.16,60
23,497.92,17,22,0.09,23
23,497.88,16,20,0.22,68
36,497.85,15,21,0.2,30
29,497.7,16,29,0.22,28
26,497.61,15,22,0.2,28
33,497.19,12,25,0.21,15
23,497.07,16,23,0.25,28
27,496.99,19,20,0.235,75
27,496.79,17,22,0.235,75
27,496.75,17,20,0.265,18
38,496.71,16,22,0.25,13
26,496.68,17,23,0.175,25
29,496.64,14,31,0.215,5
30,496.5,15,29,0.2,0
33,496.49,16,24,0.375,20
29,496.25,17,25,0.09,63
27,496.2,17,21,0.175,58
30,496.19,19,20,0.235,18
24,496.16,16,18,0.345,28
23,496.07,19,22,0.13,63
23,495.72,20,21,0.175,58
35,495.66,17,23,0.175,65
35,495.47,18,26,0.22,0
30,495.39,18,27,0.165,15
30,495.35,16,27,0.28,25
27,495.15,18,20,0.11,78
32,495.14,20,26,0.225,30
35,494.79,17,23,0.265,18
29,494.76,14,21,0.18,68
27,494.53,19,21,0.21,8
32,494.37,18,22,0.22,30
32,494.04,13,26,0.31,13
36,493.86,17,22,0.205,30
32,493.81,13,28,0.31,13
32,493.77,10,20,0.25,5
33,493.74,18,33,0.25,28
26,493.66,17,26,0.235,5
26,493.62,14,23,0.18,53
18,493.56,17,23,0.265,65
30,493.53,19,23,0.265,8
35,493.51,17,27,0.205,0
33,493.45,17,21,0.295,8
21,493.3,23,17,0.15,65
21,493.17,21,20,0.095,80
29,493.13,22,25,0.275,28
32,493.1,14,26,0.32,5
29,492.77,19,20,0.21,15
24,492.45,18,20,0.25,80
36,492.39,13,21,0.155,13
26,492.34,17,18,0.235,68
35,492.3,17,22,0.175,8
20,492.23,23,15,0.285,65
17,492.02,17,21,0.205,98
30,491.81,16,26,0.22,8
14,491.65,16,27,0.155,73
21,491.53,16,21,0.25,45
21,491.37,19,23,0.21,78
35,491.36,17,26,0.265,23
23,491.24,18,25,0.11,63
30,491,17,19,0.235,73
42,490.95,16,28,0.28,15
29,490.88,16,25,0.19,30
33,490.88,11,28,0.09,0
21,490.84,17,18,0.295,80
14,490.81,18,27,0.14,65
36,490.74,16,23,0.125,10
33,490.71,15,23,0.235,20
29,490.69,14,21,0.25,5
17,490.33,18,23,0.14,75
24,490.29,20,24,0.325,63
32,490.2,16,24,0.345,18
20,490.19,15,17,0.265,55
32,489.96,14,23,0.285,30
15,489.8,17,19,0.235,60
29,489.68,18,24,0.25,30
26,489.59,18,25,0.11,78
24,489.55,19,21,0.16,63
29,489.43,17,26,0.265,15
26,489.42,14,30,0.105,3
27,489,14,25,0.355,13
29,488.99,13,20,0.19,3
18,488.85,22,19,0.16,78
26,488.74,17,21,0.325,78
26,488.55,15,24,0.3,58
21,488.55,21,16,0.24,63
39,488.52,13,23,0.23,3
36,488.46,17,24,0.265,13
20,488.36,17,24,0.265,35
26,488.3,15,28,0.2,3
27,488.23,15,27,0.3,25
32,488.14,20,19,0.175,83
27,488.06,15,24,0.365,13
21,488.04,21,21,0.145,75
20,488,16,17,0.095,65
29,487.9,20,21,0.2,5
26,487.87,16,22,0.155,60
24,487.87,20,26,0.275,83
36,487.71,14,25,0.25,18
27,487.65,18,21,0.165,70
27,487.57,14,25,0.32,28
35,487.54,15,20,0.2,5
29,487.33,15,21,0.265,3
24,487.28,13,22,0.19,28
26,487.11,17,27,0.12,63
33,487.06,19,25,0.29,10
20,487.01,17,26,0.325,28
27,486.94,15,22,0.2,23
36,486.92,15,30,0.335,8
32,486.91,15,22,0.265,20
24,486.88,16,26,0.25,3
38,486.86,13,27,0.27,15
33,486.76,16,21,0.345,10
27,486.74,13,22,0.19,5
32,486.71,17,20,0.205,0
36,486.71,17,23,0.175,15
27,486.67,16,20,0.345,18
35,486.58,18,30,0.195,8
32,486.56,19,26,0.29,28
27,486.38,15,22,0.165,3
21,486.26,18,22,0.195,5
29,486.21,17,29,0.265,3
29,486.15,14,20,0.32,0
24,486.11,18,20,0.28,83
17,486.1,19,30,0.265,0
24,486.07,17,24,0.265,28
21,485.78,13,29,0.19,10
18,485.71,18,21,0.195,70
27,485.64,15,21,0.235,10
20,485.36,14,22,0.07,60
29,485.01,21,21,0.07,50
21,484.88,19,20,0.055,55
23,484.86,20,20,0.175,70
27,484.77,16,25,0.155,15
17,484.76,22,26,0.365,58
27,484.74,16,24,0.095,85
17,484.64,14,22,0.145,63
24,484.49,19,22,0.34,88
18,484.43,17,21,0.205,60
29,484.38,14,27,0.215,3
26,484.23,16,29,0.25,65
29,484.21,18,22,0.25,5
32,484.09,16,23,0.25,20
27,484.05,19,19,0.29,68
32,483.95,14,22,0.32,23
30,483.87,14,28,0.25,3
27,483.85,21,24,0.215,75
36,483.57,17,31,0.265,3
36,483.49,14,18,0.25,10
32,483.44,16,23,0.44,3
23,483.41,16,22,0.22,68
36,483.27,15,17,0.4,3
20,483.22,20,16,0.25,68
17,483.01,15,20,0.2,38
17,482.96,15,21,0.235,50
33,482.93,13,24,0.345,28
42,482.82,18,25,0.28,8
17,482.82,17,21,0.145,58
35,482.79,19,24,0.29,25
30,482.6,16,24,0.19,23
29,482.55,17,29,0.235,0
17,482.5,17,21,0.235,60
17,482.49,16,20,0.155,68
35,482.48,16,24,0.28,10
30,482.47,19,26,0.16,68
21,482.46,22,15,0.18,45
18,482.39,17,20,0.235,60
18,482.25,21,26,0.165,43
36,482.02,11,25,0.18,15
17,482.02,19,21,0.025,68
38,482.01,16,28,0.375,25
23,481.97,17,24,0.265,30
17,481.93,17,18,0.205,68
30,481.91,14,24,0.25,23
26,481.87,21,22,0.215,83
35,481.78,17,27,0.235,3
29,481.72,14,29,0.32,23
27,481.29,20,22,0.225,58
27,481,14,25,0.25,23
27,480.94,15,28,0.235,3
27,480.93,12,20,0.21,5
35,480.66,11,23,0.225,3
33,480.53,16,22,0.155,20
21,480.46,17,22,0.265,53
33,480.44,16,24,0.22,20
21,480.19,23,20,0.305,68
17,480,19,19,0.105,88
29,479.98,12,31,0.29,20
26,479.93,21,23,0.24,23
29,479.93,16,20,0.19,70
24,479.92,17,20,0.145,68
17,479.82,17,18,0.12,68
26,479.77,17,19,0.205,68
27,479.76,16,27,0.155,30
32,479.76,16,25,0.19,8
24,479.75,15,19,0.165,70
30,479.68,15,24,0.265,10
18,479.65,17,24,0.09,65
15,479.54,19,27,0.21,73
38,479.51,13,29,0.155,5
30,479.44,16,24,0.315,5
24,479.19,20,24,0.225,63
14,479.04,19,21,0.315,43
18,478.4,18,26,0.28,53
33,478.05,15,24,0.3,10
18,478.02,20,20,0.225,60
23,477.85,17,21,0.12,63
30,477.83,19,22,0.29,28
23,477.8,18,23,0.25,73
26,477.79,11,23,0.225,48
21,477.47,18,26,0.25,58
18,477.22,16,23,0.28,70
27,477.11,18,20,0.28,13
21,477.11,17,26,0.265,20
18,476.96,18,26,0.22,75
15,476.84,19,20,0.235,48
18,476.75,17,19,0.235,90
35,476.46,13,28,0.155,15
36,476.34,20,25,0.25,35
36,476.33,15,26,0.265,5
21,476.33,19,22,0.16,70
33,476.23,18,17,0.25,20
23,476.16,20,22,0.225,60
32,476.13,19,21,0.29,0
23,476.09,18,25,0.28,78
30,476.03,18,27,0.22,5
29,476,20,14,0.25,63
15,475.99,17,21,0.265,70
30,475.95,17,22,0.235,10
38,475.92,15,22,0.3,0
26,475.79,17,21,0.205,73
18,475.7,17,21,0.145,85
36,475.68,17,21,0.265,0
18,475.67,20,17,0.15,55
18,475.51,18,22,0.195,80
32,475.25,19,26,0.29,23
26,475.25,18,24,0.22,58
30,475.21,19,27,0.235,3
23,475.14,19,21,0.185,68
39,475.11,14,27,0.215,18
21,475.08,21,20,0.12,48
39,475.05,17,21,0.38,28
27,474.87,15,24,0.3,18
23,474.84,15,22,0.135,60
30,474.68,17,26,0.205,8
32,474.52,16,23,0.28,20
24,474.34,17,20,0.295,3
30,474.21,16,25,0.28,15
26,474.16,14,24,0.18,65
35,473.86,12,22,0.21,33
32,473.73,16,25,0.19,15
36,473.7,15,21,0.3,13
26,473.69,17,23,0.145,83
30,473.65,17,25,0.205,78
14,473.64,15,21,0.2,50
30,473.62,16,25,0.22,0
23,473.48,21,24,0.24,10
20,473.48,18,24,0.28,65
32,473.31,16,28,0.125,20
27,473.23,20,20,0.275,70
23,473.13,16,26,0.25,25
32,473.11,16,18,0.155,13
24,473,16,19,0.22,13
33,472.93,19,19,0.21,30
26,472.92,13,23,0.27,35
21,472.73,18,21,0.11,60
33,472.45,19,22,0.235,65
17,472.35,17,20,0.235,58
29,472.34,12,24,0.25,30
17,472.26,17,28,0.175,60
27,472.13,23,26,0.305,30
26,472.08,17,21,0.265,18
21,471.89,21,19,0.165,53
24,471.87,20,22,0.175,70
24,471.83,18,24,0.36,55
18,471.73,18,19,0.195,70
17,471.67,16,22,0.25,53
27,471.67,12,25,0.165,83
21,471.57,17,21,0.325,78
27,471.5,14,15,0.215,25
32,471.47,15,22,0.2,33
26,471.45,15,29,0.235,53
32,471.41,15,26,0.335,30
33,471.34,15,28,0.265,28
32,471.31,15,22,0.135,5
27,471.26,15,28,0.235,8
29,471.22,15,21,0.335,13
15,471.2,19,22,0.16,45
29,471.1,15,31,0.235,0
26,471,18,26,0.39,13
33,470.9,18,21,0.22,28
29,470.77,15,20,0.3,13
27,470.74,21,18,0.285,78
21,470.61,17,23,0.265,78
30,470.53,13,30,0.27,23
12,470.43,18,18,0.165,55
38,470.37,18,19,0.22,15
35,470.23,12,24,0.29,10
30,470.22,14,24,0.215,25
21,470.22,17,25,0.295,43
38,470.21,12,21,0.165,23
23,470.05,18,19,0.055,73
24,469.61,15,23,0.2,68
24,469.56,17,24,0.295,5
26,469.48,15,22,0.235,85
15,469.37,17,27,0.06,75
18,469.36,16,25,0.19,73
32,469.27,17,23,0.235,18
18,469.24,17,22,0.205,55
20,469.24,15,23,0.265,80
38,469.22,18,25,0.195,10
20,469.11,20,23,0.15,58
21,468.99,14,22,0.25,10
24,468.86,20,26,0.15,78
30,468.85,18,24,0.28,8
24,468.83,18,28,0.22,50
17,468.75,21,19,0.285,75
29,468.49,15,24,0.235,25
14,468.49,16,19,0.125,75
30,468.47,14,28,0.32,8
20,468.45,18,26,0.14,50
24,468.22,17,24,0.175,93
20,468.16,20,23,0.175,75
26,468,15,27,0.3,58
20,467.9,19,24,0.265,55
30,467.76,17,29,0.175,28
35,467.74,16,23,0.22,23
29,467.63,16,21,0.155,25
26,467.52,18,24,0.14,23
27,467.5,13,20,0.19,80
26,467.26,21,21,0.285,78
17,467.24,17,21,0.205,65
21,467.23,16,22,0.155,55
15,467.22,19,25,0.265,65
20,467.01,18,29,0.305,20
35,466.83,16,25,0.25,0
26,466.56,14,21,0.145,70
26,466.5,19,22,0.16,53
24,466.47,11,28,0.32,20
27,466.4,15,22,0.135,8
30,466.25,21,27,0.215,23
32,466.24,20,26,0.225,8
32,466.21,13,23,0.27,0
26,466.14,13,19,0.075,53
12,466.07,18,28,0.28,60
29,465.99,17,20,0.205,5
15,465.98,12,23,0.125,60
18,465.97,16,24,0.155,55
18,465.93,20,23,0.175,73
32,465.92,18,26,0.195,23
33,465.83,12,23,0.21,13
20,465.66,15,25,0.265,60
35,465.6,20,22,0.2,8
36,465.56,14,24,0.215,28
20,465.25,14,28,0.25,58
23,465.21,17,29,0.175,68
21,465.18,14,24,0.25,65
14,464.95,16,25,0.25,75
36,464.92,18,24,0.28,10
30,464.85,17,25,0.12,75
30,464.61,15,25,0.235,15
41,464.52,17,25,0.235,25
20,464.51,20,18,0.275,53
29,464.31,17,22,0.205,70
24,464.23,18,27,0.165,58
35,464.19,19,22,0.34,0
17,464.14,20,25,0.2,63
33,464.08,18,26,0.22,28
30,464.04,16,22,0.25,10
35,463.97,18,23,0.195,23
36,463.87,17,26,0.265,3
33,463.64,14,25,0.25,5
35,463.64,15,23,0.265,23
26,463.41,17,17,0.145,70
24,463.29,16,25,0.125,28
30,463.29,16,24,0.28,8
29,463.28,14,24,0.25,20
20,463.2,12,16,0.21,73
30,463.18,19,26,0.265,0
33,462.94,18,24,0.305,15
30,462.85,14,22,0.215,10
23,462.78,16,25,0.155,55
33,462.73,14,24,0.355,18
26,462.67,16,26,0.22,8
24,462.64,17,20,0.175,73
30,462.58,12,24,0.21,8
24,462.56,13,28,0.19,8
33,462.51,21,27,0.19,23
21,462.1,17,19,0.175,70
35,462.04,15,26,0.2,8
14,462.03,16,20,0.095,63
32,461.92,11,27,0.275,15
21,461.87,19,17,0.13,68
30,461.81,18,26,0.22,0
27,461.78,20,21,0.2,15
23,461.78,20,23,0.1,55
35,461.76,20,20,0.275,23
35,461.71,19,27,0.185,30
10,461.61,17,21,0.175,78
38,461.52,13,24,0.23,8
14,461.46,16,20,0.125,30
17,461.45,20,20,0.25,63
18,461.44,18,17,0.305,55
21,461.43,17,21,0.145,68
30,461.36,14,21,0.18,70
29,461.3,15,19,0.3,0
20,461.29,17,21,0.09,73
20,461.25,19,26,0.16,80
21,461.23,16,25,0.25,8
21,461.1,19,22,0.21,68
23,461.04,18,21,0.165,75
30,460.99,15,20,0.235,30
27,460.93,18,21,0.22,23
26,460.88,21,18,0.31,70
35,460.85,17,27,0.175,10
30,460.81,15,24,0.135,30
26,460.73,14,22,0.18,68
30,460.7,16,28,0.19,28
26,460.7,17,24,0.265,68
17,460.65,18,17,0.195,85
17,460.6,16,18,0.22,55
24,460.55,17,23,0.175,63
29,460.47,18,25,0.195,63
26,460.42,16,24,0.25,23
29,460.29,14,27,0.145,5
27,460.22,17,24,0.265,23
26,460.22,17,20,0.06,70
32,460.2,14,28,0.285,3
38,460.07,17,25,0.235,15
26,459.9,18,27,0.25,28
26,459.85,17,23,0.295,30
29,459.77,19,25,0.21,0
32,459.53,15,26,0.3,23
23,459.34,14,22,0.18,80
32,459.26,15,26,0.235,15
10,459.08,18,22,0.195,53
24,459.07,17,23,0.145,13
20,459.05,21,23,0.165,85
18,458.96,18,21,0.165,63
20,458.9,21,22,0.24,53
29,458.77,19,29,0.16,15
36,458.72,17,23,0.175,8
30,458.7,16,16,0.22,15
24,458.65,16,26,0.19,68
12,458.53,19,17,0.21,58
27,458.42,16,21,0.25,13
10,458.28,17,17,0.175,85
26,458.24,17,21,0.205,58
20,458.18,19,21,0.29,63
20,458.11,16,20,0.28,70
26,458.08,13,23,0.27,10
29,457.98,15,23,0.235,13
30,457.75,14,25,0.285,23
15,457.75,20,17,0.175,80
35,457.56,17,24,0.265,15
17,457.38,18,22,0.14,50
20,457.38,21,20,0.19,65
20,457.38,17,22,0.175,73
29,457.36,18,27,0.165,8
33,457.34,15,26,0.3,10
20,457.34,17,24,0.205,70
20,457.27,14,25,0.285,5
30,457.08,19,30,0.37,5
36,456.85,19,23,0.185,25
26,456.75,16,22,0.25,13
44,456.73,15,26,0.135,5
24,456.67,17,18,0.235,70
33,456.6,14,22,0.285,20
26,456.54,16,21,0.22,58
27,456.52,18,25,0.22,5
27,456.38,19,18,0.29,83
30,456.31,17,27,0.235,18
32,456.26,17,27,0.265,13
29,456.01,17,28,0.175,10
20,455.95,19,23,0.265,73
29,455.86,18,20,0.195,48
15,455.74,20,23,0.25,65
30,455.53,16,24,0.19,28
17,455.46,14,24,0.215,60
27,455.41,13,23,0.27,10
15,455.36,17,16,0.205,63
26,455.22,19,22,0.185,15
33,455.18,18,23,0.25,13
24,455.1,18,22,0.195,80
18,455.05,16,24,0.25,68
26,454.9,16,19,0.22,75
17,454.87,20,16,0.2,63
20,454.87,20,20,0.175,63
32,454.84,15,22,0.235,8
18,454.8,16,18,0.22,98
29,454.61,16,26,0.22,5
39,454.5,15,25,0.2,0
32,454.36,15,26,0.235,20
30,454.11,15,24,0.3,20
21,454.1,18,19,0.165,58
21,454.02,18,24,0.165,23
26,453.93,20,21,0.225,60
32,453.88,15,25,0.265,20
18,453.88,16,26,0.25,85
23,453.83,19,23,0.08,75
30,453.62,19,24,0.105,23
33,453.59,18,24,0.14,20
18,453.45,20,24,0.125,93
24,453.36,17,23,0.175,78
27,453.34,13,21,0.19,68
27,453.3,16,15,0.155,60
35,453.08,14,19,0.32,3
30,453.06,14,23,0.355,3
32,453.05,16,22,0.19,5
33,452.83,10,27,0.3,20
11,452.81,17,23,0.145,45
20,452.77,18,22,0.195,63
18,452.77,16,21,0.22,88
18,452.58,13,21,0.155,8
30,452.58,17,26,0.235,20
36,452.53,19,28,0.34,10
15,452.42,17,23,0.205,55
27,452.39,17,25,0.235,30
26,452.35,16,27,0.28,25
26,452.34,13,22,0.075,65
21,452.14,18,18,0.195,68
15,452.11,16,20,0.095,68
27,452,15,27,0.3,25
30,451.97,18,26,0.195,5
32,451.96,17,22,0.295,18
32,451.95,17,25,0.355,25
26,451.92,19,20,0.13,68
20,451.86,15,22,0.235,68
36,451.83,19,21,0.235,8
32,451.57,15,25,0.265,3
33,451.55,17,27,0.295,23
26,451.46,19,25,0.29,30
26,451.37,17,24,0.205,80
23,451.2,18,24,0.165,80
30,451.08,17,24,0.235,25
38,450.96,14,26,0.285,8
30,450.92,7,20,0.285,5
27,450.88,14,30,0.215,5
29,450.85,17,21,0.38,28
41,450.8,17,26,0.265,5
30,450.74,17,24,0.205,85
27,450.58,17,21,0.295,3
26,450.42,16,21,0.22,15
32,450.38,16,24,0.155,23
32,450.36,15,23,0.265,3
21,450.34,16,20,0.155,70
21,450.29,20,17,0.15,68
24,450.16,16,24,0.25,10
20,449.99,17,16,0.205,65
38,449.9,12,27,0.29,30
32,449.87,19,19,0.185,0
30,449.61,17,23,0.145,15
21,449.61,14,25,0.18,83
33,449.52,15,26,0.265,18
27,449.51,19,20,0.13,85
30,449.46,12,21,0.29,8
24,449.38,18,29,0.22,3
15,449.34,17,22,0.175,65
23,449.26,15,13,0.135,70
17,449.2,15,20,0.2,65
20,449,16,21,0.25,68
33,448.94,15,26,0.3,13
24,448.9,16,23,0.28,30
27,448.82,15,26,0.335,3
21,448.79,23,19,0.11,53
30,448.73,17,25,0.265,80
18,448.7,15,20,0.165,75
18,448.63,16,20,0.22,50
20,448.62,17,25,0.12,65
20,448.6,16,22,0.22,53
20,448.54,19,20,0.315,58
41,448.46,12,16,0.25,53
32,448.29,17,24,0.295,18
29,448.25,16,19,0.315,78
23,448.24,17,23,0.205,53
36,448.17,12,22,0.25,30
23,448.14,18,24,0.14,60
30,448.06,17,24,0.145,13
29,447.86,15,19,0.3,25
35,447.74,18,22,0.305,23
38,447.54,16,27,0.25,15
29,447.47,17,26,0.145,70
36,447.28,18,23,0.14,3
17,447.25,17,21,0.12,63
24,447.24,13,20,0.19,58
26,446.9,15,20,0.2,85
36,446.8,19,24,0.16,23
21,446.72,20,22,0.225,90
12,446.62,18,20,0.25,60
18,446.6,18,21,0.22,73
15,446.49,18,25,0.28,83
18,446.46,16,20,0.25,53
32,446.41,17,26,0.295,0
14,446.37,19,21,0.185,55
17,446.35,16,18,0.155,65
32,446.34,14,28,0.25,0
15,446.29,15,18,0.165,63
26,446.16,17,16,0.205,63
20,446.13,18,23,0.22,83
24,446.09,17,24,0.295,13
20,446.07,19,22,0.185,63
27,446.04,17,23,0.265,0
32,446.03,20,10,0.15,58
38,446.02,16,27,0.22,13
24,446.01,14,28,0.285,15
32,445.83,16,22,0.19,28
21,445.79,20,20,0.125,60
23,445.75,14,18,0.145,78
24,445.73,19,22,0.16,45
20,445.69,18,29,0.165,58
17,445.65,18,20,0.165,55
24,445.55,20,21,0.125,58
30,445.49,18,22,0.28,30
35,445.21,14,22,0.145,13
32,445.15,15,21,0.2,8
27,445.14,21,24,0.215,65
24,444.98,17,27,0.295,13
32,444.86,16,20,0.19,13
23,444.83,16,22,0.19,80
23,444.75,13,20,0.23,90
39,444.72,19,21,0.37,5
24,444.66,18,23,0.11,50
15,444.66,18,22,0.25,78
32,444.65,13,23,0.345,8
23,444.56,20,22,0.275,50
33,444.53,12,24,0.21,3
23,444.53,18,24,0.25,78
18,444.4,18,19,0.165,58
35,444.28,14,24,0.105,5
35,444.11,15,25,0.235,3
17,443.93,15,24,0.265,63
23,443.89,16,24,0.155,68
32,443.74,19,33,0.185,10
33,443.51,18,18,0.22,30
21,443.51,15,18,0.135,68
30,443.37,13,27,0.19,3
23,443.37,13,19,0.115,60
24,443.33,13,27,0.27,23
30,443.31,17,20,0.355,8
21,443.26,20,21,0.225,70
21,443.26,15,15,0.135,78
27,443.21,15,22,0.2,20
18,443.21,18,25,0.22,55
23,443.18,19,24,0.185,73
30,443.08,15,23,0.2,18
20,443.06,17,22,0.175,83
21,442.98,20,21,0.125,75
20,442.95,15,23,0.235,85
32,442.74,12,21,0.25,20
27,442.72,20,23,0.275,45
21,442.69,17,19,0.205,53
26,442.66,21,19,0.145,43
21,442.53,18,19,0.28,73
30,442.46,16,22,0.22,23
15,442.41,18,22,0.305,68
29,442.38,16,26,0.095,58
11,442.35,19,25,0.21,48
23,442.35,16,22,0.155,73
23,442.31,16,21,0.315,13
27,442.19,18,24,0.22,20
33,442.18,14,30,0.145,0
24,442.1,18,23,0.22,58
30,441.94,15,23,0.335,63
20,441.82,16,23,0.22,65
26,441.82,18,25,0.195,68
21,441.81,16,20,0.125,53
24,441.71,18,24,0.165,93
33,441.64,15,22,0.2,25
30,441.43,20,15,0.3,3
23,441.39,20,23,0.225,15
33,441.32,18,26,0.28,20
33,441.24,17,22,0.265,33
32,441.22,18,20,0.28,5
24,441.18,20,27,0.15,18
24,441.15,23,25,0.11,65
18,441.04,17,21,0.205,58
26,441,17,22,0.235,60
38,440.92,16,22,0.28,3
32,440.85,17,19,0.12,5
38,440.82,17,22,0.205,13
24,440.8,18,22,0.22,48
27,440.79,20,20,0.175,53
24,440.79,20,24,0.2,60
23,440.67,19,24,0.29,63
23,440.63,20,21,0.15,53
27,440.32,17,19,0.09,55
24,440.11,15,20,0.265,75
24,439.93,24,16,0.29,75
26,439.74,21,24,0.215,60
30,439.71,18,21,0.305,23
33,439.59,15,19,0.3,3
20,439.38,19,22,0.235,63
18,439.33,15,18,0.335,58
20,439.3,15,27,0.3,75
27,439.27,17,22,0.03,85
27,439.1,15,18,0.2,8
29,439.08,15,22,0.2,3
17,439,17,23,0.06,83
32,438.84,12,23,0.29,10
32,438.83,16,25,0.315,10
18,438.8,20,21,0.125,70
20,438.76,21,18,0.145,60
17,438.76,15,25,0.235,93
20,438.75,18,22,0.22,68
41,438.73,17,26,0.325,23
23,438.71,14,24,0.145,65
27,438.55,14,23,0.32,3
21,438.55,17,19,0.175,65
20,438.5,19,22,0.235,65
27,438.46,16,23,0.22,85
29,438.39,16,19,0.22,53
32,438.22,19,25,0.29,25
21,438.21,19,22,0.13,85
35,438.2,15,22,0.3,8
15,438.1,19,21,0.21,63
21,437.9,20,21,0.15,60
11,437.84,15,17,0.165,83
27,437.82,15,24,0.135,15
23,437.82,15,23,0.135,65
18,437.78,19,17,0.29,98
24,437.64,16,19,0.095,63
23,437.53,18,25,0.195,70
36,437.43,16,24,0.22,23
26,437.42,15,18,0.2,70
17,437.4,18,17,0.14,65
23,437.23,21,19,0.165,55
29,437.18,19,28,0.235,18
35,437.17,18,25,0.25,13
26,437.1,17,25,0.175,18
26,436.99,17,22,0.235,75
30,436.93,15,29,0.365,15
21,436.54,18,25,0.165,80
26,436.39,19,27,0.235,80
26,436.37,19,24,0.21,80
32,436.36,19,25,0.235,25
33,436.33,17,19,0.12,3
14,436.27,20,24,0.225,60
33,436.11,16,25,0.22,28
35,436.08,14,21,0.215,3
27,435.94,14,21,0.215,23
36,435.85,16,22,0.28,5
27,435.84,19,22,0.105,43
21,435.68,15,18,0.235,73
27,435.53,17,23,0.295,3
23,435.47,17,25,0.265,65
23,435.35,18,16,0.22,60
26,435.34,18,28,0.25,70
18,435.13,16,26,0.095,55
27,435,16,25,0.125,15
23,434.99,14,27,0.215,68
35,434.98,18,30,0.22,20
24,434.81,20,21,0.15,88
21,434.47,18,24,0.11,63
32,434.44,16,27,0.19,3
18,434.44,20,20,0.2,58
30,434.42,18,25,0.165,65
20,434.36,20,17,0.175,68
23,434.22,17,26,0.145,78
30,434.15,15,21,0.365,13
26,434,21,26,0.24,13
41,433.87,17,29,0.265,20
20,433.62,12,23,0.21,55
26,433.62,17,24,0.145,65
20,433.61,17,22,0.235,63
12,433.56,20,17,0.25,58
29,433.52,16,20,0.155,15
38,433.1,17,21,0.205,28
10,433.03,18,18,0.085,68
36,432.88,20,24,0.2,28
23,432.88,17,22,0.235,50
33,432.78,16,20,0.22,8
23,432.72,20,20,0.25,3
27,432.64,17,23,0.235,73
24,432.59,13,23,0.19,13
24,432.5,14,23,0.355,30
27,432.34,14,24,0.285,3
10,432.29,17,17,0.175,63
12,432.29,18,15,0.14,70
21,432.13,14,29,0.285,75
48,432.04,7,17,0.355,43
24,431.88,18,23,0.28,20
24,431.87,18,24,0.165,65
17,431.67,18,19,0.165,68
12,431.65,20,23,0.05,55
20,431.61,19,24,0.235,65
21,431.55,19,23,0.235,63
30,431.39,19,24,0.21,30
23,431.24,15,22,0.1,75
24,431.21,20,24,0.225,8
15,431.13,17,22,0.06,73
24,431.1,13,26,0.31,48
20,431.09,21,24,0.26,58
23,431.04,15,24,0.235,73
33,430.86,16,20,0.315,30
17,430.8,17,22,0.06,85
21,430.62,17,22,0.175,48
14,430.6,17,22,0.09,58
29,430.36,17,24,0.235,3
23,430.33,19,27,0.13,70
18,430.28,21,18,0.12,83
36,430.18,16,18,0.25,10
21,430.18,18,23,0.165,73
32,429.96,18,23,0.25,23
30,429.86,15,26,0.365,8
32,429.75,13,22,0.19,23
30,429.72,20,27,0.225,0
26,429.7,17,19,0.175,90
32,429.66,19,18,0.315,8
27,429.65,20,22,0.175,53
29,429.61,16,23,0.155,50
32,429.57,17,21,0.295,30
30,429.56,14,24,0.285,18
11,429.53,15,24,0.135,75
20,429.49,16,23,0.28,65
21,429.37,20,20,0.125,70
27,429.34,18,15,0.28,78
26,429.17,17,23,0.175,70
41,429.03,16,27,0.375,30
20,428.82,20,25,0.175,60
17,428.72,22,20,0.115,68
29,428.71,19,25,0.21,13
32,428.69,17,24,0.325,18
18,428.69,14,26,0.32,68
24,428.4,20,21,0.3,20
29,428.37,14,25,0.285,20
24,428.34,18,28,0.25,10
21,428.25,18,21,0.14,68
21,428,15,22,0.165,75
24,427.86,21,21,0.19,78
18,427.83,16,23,0.19,73
29,427.71,16,24,0.22,30
20,427.71,16,23,0.25,80
33,427.58,16,21,0.19,75
26,427.52,13,23,0.19,15
29,427.31,16,27,0.345,5
26,427.3,11,25,0.365,10
18,427.18,19,24,0.16,58
24,427.18,19,26,0.16,68
29,426.98,18,23,0.195,10
32,426.93,15,29,0.2,0
15,426.93,17,25,0.205,73
35,426.88,15,29,0.235,30
18,426.81,18,17,0.195,68
30,426.77,15,23,0.235,25
27,426.72,16,27,0.315,30
20,426.42,18,21,0.085,80
21,426.38,18,20,0.11,80
33,426.32,16,24,0.25,23
30,426.3,18,27,0.11,5
26,426.27,15,22,0.3,80
18,426.2,17,27,0.145,60
14,426.19,18,19,0.28,48
21,426.15,19,21,0.21,68
27,426.12,17,24,0.265,15
26,426.07,18,20,0.165,70
30,426.04,18,26,0.14,30
27,425.98,19,20,0.13,78
23,425.98,14,18,0.18,78
36,425.95,15,28,0.165,15
24,425.91,18,23,0.25,8
29,425.67,15,22,0.135,63
26,425.54,19,33,0.16,25
24,425.52,18,20,0.195,78
23,425.5,14,25,0.18,73
21,425.45,19,21,0.13,55
21,425.32,17,24,0.235,55
18,425.3,18,25,0.165,73
23,425.3,20,21,0.175,75
27,425.16,14,24,0.285,23
24,425.04,16,22,0.22,68
20,425.04,20,26,0.25,73
33,425.01,17,31,0.205,0
36,424.84,17,24,0.265,18
29,424.83,15,22,0.2,15
26,424.72,15,22,0.2,73
21,424.7,14,18,0.18,78
30,424.52,17,27,0.295,5
38,424.25,11,21,0.225,25
30,423.97,14,22,0.215,20
15,423.94,20,26,0.125,55
20,423.94,18,21,0.22,63
41,423.93,15,26,0.2,5
20,423.69,18,23,0.22,70
23,423.42,16,26,0.315,10
33,423.4,18,28,0.22,0
33,423.39,16,31,0.25,18
24,423.31,16,24,0.065,63
29,423.23,14,24,0.25,5
21,423.15,18,24,0.22,48
20,422.93,16,23,0.19,63
15,422.92,16,25,0.155,75
18,422.89,16,22,0.28,70
20,422.83,18,25,0.14,75
30,422.8,19,23,0.13,58
18,422.6,17,23,0.235,83
26,422.55,20,25,0.2,63
21,422.37,12,22,0.085,75
33,422.36,15,26,0.265,3
33,422.28,15,30,0.235,10
15,422.06,14,22,0.145,60
21,421.68,17,18,0.235,73
30,421.6,14,18,0.25,28
24,421.58,18,17,0.25,60
21,421.55,21,21,0.215,58
27,421.41,18,29,0.25,70
26,421.36,14,26,0.285,23
17,421.3,23,24,0.175,53
33,421.16,16,24,0.315,13
17,420.93,15,26,0.1,70
20,420.91,18,22,0.195,88
32,420.82,17,20,0.325,13
24,420.72,19,22,0.16,68
17,420.66,19,24,0.29,73
30,420.61,18,23,0.28,28
23,420.58,18,19,0.165,88
20,420.45,16,20,0.155,53
30,420.3,17,23,0.265,28
14,420.3,16,26,0.19,60
30,420.06,18,21,0.165,63
33,420,18,20,0.165,73
24,419.95,14,21,0.25,10
33,419.83,13,25,0.23,28
30,419.72,13,24,0.23,23
20,419.55,17,21,0.235,63
29,419.47,14,24,0.285,18
23,419.44,12,21,0.165,78
30,419.34,14,33,0.215,10
23,419.3,15,20,0.235,23
20,419.22,19,20,0.235,65
21,418.95,18,17,0.305,58
18,418.79,16,19,0.095,73
32,418.68,14,23,0.25,18
27,418.67,16,27,0.22,15
38,418.51,15,29,0.335,23
23,418.48,21,24,0.025,73
21,418.43,21,20,0.145,75
38,418.34,18,21,0.28,28
26,418.04,18,27,0.22,65
29,417.87,19,25,0.265,3
18,417.72,17,27,0.175,58
14,417.67,14,17,0.145,58
14,417.66,16,22,0.155,53
33,417.61,15,22,0.3,25
23,417.47,16,24,0.19,33
21,417.26,19,32,0.16,55
29,417.09,17,24,0.235,10
26,417.05,13,17,0.27,75
20,416.97,22,25,0.25,93
20,416.89,14,22,0.105,73
26,416.88,15,25,0.265,8
20,416.8,19,20,0.16,78
21,416.69,12,18,0.125,80
35,416.66,17,26,0.295,38
17,416.45,17,22,0.235,50
24,416.42,14,23,0.25,60
33,416.35,12,20,0.125,0
30,416.34,17,23,0.295,28
21,416.27,21,22,0.12,58
36,416.2,17,23,0.295,3
30,416.19,17,18,0.265,48
33,416.13,17,24,0.235,8
32,416,18,24,0.22,20
32,415.8,19,22,0.29,5
18,415.64,17,21,0.265,83
44,415.41,15,21,0.265,0
20,415.21,18,23,0.22,83
36,415.18,17,23,0.355,40
38,415.17,16,27,0.25,13
21,414.84,15,20,0.165,43
27,414.83,16,25,0.19,8
41,414.59,17,23,0.295,33
21,414.58,15,19,0.235,25
26,414.51,14,19,0.215,83
20,414.45,14,23,0.145,70
10,414.27,17,24,0.175,55
29,414.2,17,20,0.205,18
15,413.94,16,18,0.22,60
20,413.82,19,20,0.265,80
33,413.7,12,23,0.25,13
23,413.63,14,23,0.285,30
18,413.63,17,25,0.175,80
18,413.58,18,15,0.165,78
32,413.52,18,28,0.28,10
36,413.48,15,25,0.335,23
32,413.41,14,28,0.285,10
23,413.28,18,21,0.11,63
27,413.26,12,20,0.085,53
36,413.15,15,26,0.235,8
30,413.07,20,22,0.15,55
15,412.83,19,30,0.34,83
23,412.73,15,19,0.365,65
29,412.69,17,20,0.12,48
29,412.68,16,22,0.315,8
27,412.46,18,19,0.25,75
20,412.45,18,20,0.22,70
12,412.28,20,22,0.15,73
15,412.11,15,17,0.2,55
33,411.86,20,22,0.225,8
18,411.8,18,26,0.14,80
17,411.8,23,20,0.175,85
18,411.68,15,16,0.3,85
30,411.61,13,27,0.27,18
12,411.54,17,21,0.235,90
20,411.43,19,22,0.235,65
24,411.41,18,24,0.195,60
26,411.41,14,23,0.215,73
18,411.31,23,27,0.195,63
30,411.3,19,19,0.235,75
21,411.26,20,21,0.225,83
27,411.09,19,31,0.37,25
20,411.03,18,23,0.11,63
21,411.03,19,21,0.265,73
26,411,20,27,0.25,5
27,410.93,19,20,0.265,65
39,410.86,15,20,0.235,10
33,410.76,18,20,0.28,28
23,410.66,19,22,0.13,60
36,410.47,18,22,0.22,18
35,410.43,17,28,0.295,23
32,410.36,17,24,0.265,13
29,410.06,19,18,0.235,68
21,409.98,16,23,0.22,70
21,409.91,19,20,0.16,78
21,409.63,17,19,0.295,53
17,409.59,17,22,0.265,70
14,409.37,20,21,0.15,75
32,409.34,20,22,0.2,25
27,409.25,17,19,0.175,63
33,409.13,16,28,0.28,8
29,409.06,18,26,0.28,25
26,408.93,14,21,0.105,68
26,408.85,19,25,0.29,20
29,408.75,16,27,0.125,48
21,408.64,22,28,0.135,73
23,408.6,14,20,0.25,63
27,408.23,16,25,0.28,3
21,408.19,16,17,0.22,70
18,408.09,19,20,0.185,73
21,407.94,19,19,0.235,80
29,407.89,18,20,0.22,10
26,407.78,16,26,0.25,3
35,407.76,16,22,0.315,13
33,407.59,19,20,0.265,30
21,407.52,18,17,0.25,78
27,407.51,15,23,0.3,18
27,407.38,13,25,0.23,28
35,407.33,17,23,0.175,15
15,407.3,21,21,0.145,60
29,407.26,19,23,0.21,10
41,407.22,14,26,0.285,28
24,407.12,17,26,0.235,75
27,407.1,14,25,0.25,0
24,406.94,21,20,0.26,75
23,406.62,14,22,0.32,53
38,406.29,14,25,0.25,10
21,406.27,18,23,0.25,55
27,406.23,18,18,0.165,85
35,406.17,19,27,0.185,28
33,406.14,17,26,0.145,30
24,405.97,18,25,0.055,70
27,405.89,18,19,0.165,75
10,405.84,19,21,0.185,70
17,405.78,16,26,0.19,58
18,405.58,15,18,0.135,75
24,405.4,18,17,0.195,63
23,405.22,17,25,0.145,70
14,405.2,18,24,0.195,58
30,404.95,18,28,0.305,28
20,404.78,21,16,0.12,68
30,404.77,20,29,0.25,18
26,404.73,15,26,0.265,28
29,404.64,20,24,0.125,28
18,404.58,20,20,0,73
21,404.56,17,16,0.12,70
29,404.55,17,25,0.175,73
20,404.29,19,21,0.08,88
18,404.28,19,19,0.29,63
17,404.11,15,17,0.135,78
29,404.03,17,23,0.235,8
15,403.9,20,16,0.275,63
30,403.64,16,27,0.25,13
20,403.61,19,25,0.21,78
24,403.51,18,21,0.085,50
23,403.4,16,23,0.065,53
26,403.3,19,27,0.235,18
32,403.27,11,20,0.275,0
29,403.2,16,30,0.22,8
21,402.72,16,22,0.19,78
15,402.69,15,20,0.235,78
23,402.31,15,24,0.135,70
18,402.14,13,21,0.19,45
36,402.02,14,26,0.18,0
29,401.83,16,23,0.22,23
27,401.63,14,24,0.25,20
30,401.61,14,24,0.215,13
36,401.41,18,26,0.22,23
14,401.37,19,19,0.21,53
23,401.36,16,18,0.25,3
27,401.35,17,17,0.175,58
35,401.12,17,26,0.205,13
30,401.08,13,28,0.23,28
41,401,15,21,0.335,8
33,400.81,18,27,0.195,8
33,400.71,17,24,0.325,25
32,400.56,16,25,0.125,30
17,400.05,19,23,0.265,85
21,399.93,18,21,0.22,65
12,399.85,20,26,0.225,63
35,399.77,18,25,0.25,38
20,399.73,15,21,0.2,85
30,399.62,17,21,0.09,63
27,399.56,15,24,0.4,10
39,399.48,11,26,0.225,8
24,399.3,16,22,0.22,13
27,399.02,17,18,0.175,75
24,398.74,14,20,0.07,55
18,398.65,15,22,0.235,78
20,398.37,22,21,0.135,65
23,398.29,16,22,0.28,30
21,398.19,18,18,0.25,78
23,398.17,18,20,0.11,70
24,397.91,18,22,0.22,78
20,397.79,17,23,0.235,58
23,397.79,19,32,0.185,63
21,397.55,19,19,0.235,75
17,397.53,18,20,0.25,80
32,397.46,14,22,0.32,3
23,397.38,16,19,0.155,68
24,397.36,20,23,0.225,23
18,397.34,19,30,0.265,73
27,397.3,16,23,0.28,0
32,397.26,15,25,0.2,13
20,397.04,17,21,0.205,65
23,397.03,20,25,0.225,88
27,396.99,19,24,0.13,75
32,396.9,15,26,0.235,15
24,396.55,16,19,0.155,78
36,396.34,19,26,0.265,18
21,396.25,18,25,0.195,70
23,396.21,18,18,0.22,55
24,396.12,11,25,0.32,5
20,395.89,13,22,0.115,85
26,395.84,17,26,0.265,10
20,395.53,18,29,0.22,80
20,395.51,17,19,0.205,53
27,395.25,18,24,0.25,23
32,395.03,17,22,0.145,10
29,395,16,18,0.125,83
27,394.99,17,23,0.265,20
27,394.99,16,25,0.155,78
32,394.86,16,23,0.22,3
20,394.8,18,20,0.14,63
21,394.65,18,24,0.195,60
27,394.03,12,24,0.25,5
23,393.97,17,23,0.145,73
26,393.91,18,20,0.195,23
23,393.74,20,22,0.225,8
21,393.65,17,19,0.205,80
35,393.62,14,22,0.32,18
18,393.56,18,15,0.195,80
20,393.49,18,21,0.165,70
21,393.4,19,23,0.21,85
39,393.28,15,25,0.265,8
21,393.05,17,22,0.175,60
20,393.05,21,23,0.215,68
26,392.89,15,20,0.2,75
35,392.76,18,29,0.305,33
24,392.72,20,26,0.1,55
17,392.52,15,20,0.2,53
17,392.37,17,20,0.325,80
23,392.36,21,17,0.145,65
17,392.09,19,18,0.21,65
17,391.82,17,25,0.06,53
18,391.74,20,22,0.125,65
23,391.2,18,16,0.25,65
36,391.11,8,22,0.315,25
24,391.03,17,23,0.175,70
38,390.96,21,26,0.19,0
24,390.88,18,26,0.14,75
26,390.78,15,25,0.265,5
30,390.76,20,24,0.325,5
30,390.73,16,21,0.25,0
24,390.62,18,16,0.22,85
18,390.57,19,26,0.185,73
30,390.2,19,29,0.185,73
23,390.19,19,24,0.185,78
23,390.18,22,24,0.135,70
21,390.02,18,26,0.305,50
18,389.92,15,16,0.335,75
24,389.69,21,20,0.165,45
21,389.63,23,24,0.215,45
38,389.26,16,23,0.345,23
30,389.22,15,25,0.3,0
30,389.08,17,23,0.325,25
18,389.01,19,24,0.185,58
21,388.98,19,22,0.13,68
27,388.8,17,21,0.12,63
26,388.36,17,26,0.295,5
30,388.15,16,23,0.405,25
15,388.09,19,13,0.315,70
17,387.82,20,15,0.15,80
24,387.81,18,17,0.25,48
32,387.62,14,23,0.25,20
21,387.62,16,21,0.25,90
26,387.02,16,25,0.25,10
26,386.91,16,16,0.155,68
17,386.84,21,15,0.145,65
21,386.81,17,23,0.12,58
26,386.62,18,21,0.22,45
26,386.45,19,22,0.29,10
15,386.32,18,19,0.22,73
23,386.22,18,21,0.165,78
29,386.09,14,22,0.215,30
18,385.73,16,16,0.22,60
29,385.43,15,28,0.165,5
23,385.38,16,25,0.19,15
27,385.05,20,18,0.225,83
33,385.04,20,20,0.2,30
23,384.9,17,20,0.295,45
42,384.89,17,25,0.325,8
20,384.85,20,20,0.2,98
18,384.46,18,25,0.28,63
26,384.46,18,21,0.165,75
41,384.36,18,28,0.195,8
27,384.33,17,25,0.295,63
27,384.25,13,19,0.27,13
24,384.25,18,18,0.165,50
27,384.18,18,23,0.25,25
32,384.12,20,29,0.2,3
32,384.07,14,29,0.25,28
20,384.06,15,23,0.135,80
17,383.78,17,19,0.295,68
12,383.35,12,24,0.25,73
38,383.24,15,29,0.235,18
20,383.19,15,23,0.335,83
24,382.72,16,24,0.19,65
20,382.64,16,17,0.19,75
18,382.56,17,22,0.145,55
30,382.48,21,25,0.285,5
30,382.4,18,26,0.22,20
23,382.18,16,23,0.28,58
21,382.04,18,15,0.195,60
15,381.87,16,20,0.19,60
33,381.75,16,25,0.25,18
33,381.64,16,18,0.19,48
29,381.54,17,27,0.175,0
17,381.44,17,24,0.145,60
29,381.28,16,27,0.25,43
29,381.24,14,20,0.25,70
36,381.13,17,15,0.265,28
20,381.05,15,21,0.265,60
15,380.49,16,16,0.28,65
33,380.48,19,29,0.21,10
20,380.29,15,16,0.165,70
36,380.23,21,28,0.165,15
30,380.14,15,21,0.135,8
12,379.74,21,22,0.26,70
18,379.71,20,15,0.175,70
30,379.38,15,26,0.3,5
27,379.21,16,23,0.28,0
24,379.2,18,22,0.22,0
23,379.18,18,24,0.14,58
23,379.1,16,23,0.19,78
23,379.07,17,19,0.12,63
24,379.05,16,21,0.19,13
33,378.97,19,18,0.08,65
29,378.67,19,29,0.16,15
17,378.39,17,24,0.235,80
17,378.25,19,19,0.16,53
32,377.67,16,30,0.28,30
20,377.46,16,20,0.19,53
23,377.3,16,23,0.19,70
30,377.24,18,28,0.28,23
21,377.21,15,18,0.135,73
33,377.19,14,26,0.285,28
23,377.03,17,24,0.03,75
24,376.64,22,26,0.225,43
18,376.55,15,23,0.3,53
18,376.44,19,23,0.16,85
21,376.34,18,20,0.25,65
21,376.28,19,16,0.235,73
17,376.1,20,20,0.1,73
24,375.58,17,21,0.205,55
18,375.5,19,18,0.185,48
18,375.42,22,29,0.115,85
30,375.41,16,26,0.25,25
33,375.38,13,24,0.19,8
11,375.17,20,20,0.15,70
17,375.01,18,17,0.25,65
23,374.97,17,25,0.235,83
21,374.85,16,21,0.22,55
30,374.69,18,25,0.25,3
26,374.46,20,20,0.15,65
23,374.34,15,19,0.165,68
21,374.29,15,22,0.135,85
20,374.27,19,25,0.235,63
18,373.88,17,29,0.235,50
23,373.74,19,18,0.235,65
18,373.71,14,22,0.25,68
27,373.68,11,25,0.32,25
23,373.54,17,21,0.09,60
20,373.51,13,21,0.23,73
20,373.47,15,20,0.2,55
23,373.39,18,19,0.195,53
21,373.39,15,21,0.135,78
17,373.21,16,21,0.19,50
27,373.11,16,23,0.28,58
29,372.63,19,21,0.235,0
18,372.42,16,25,0.19,78
21,371.83,20,20,0.175,70
20,371.47,18,20,0.28,65
18,371.34,18,17,0.22,75
24,370.8,21,21,0.19,68
20,370.59,16,26,0.095,83
24,370.54,18,26,0.25,48
36,370.5,15,25,0.265,13
23,370.47,18,22,0.195,83
26,370.44,18,23,0.165,78
30,370.33,17,26,0.235,18
32,370.28,14,25,0.355,13
38,370.21,17,26,0.205,10
35,370.16,12,28,0.29,20
26,369.96,16,23,0.25,3
36,369.54,12,21,0.25,15
33,369.42,17,27,0.325,13
18,369.2,12,25,0.165,33
17,368.69,19,25,0.185,85
21,368.64,19,26,0.235,65
27,368.64,15,23,0.265,65
30,368.49,14,24,0.285,0
23,367.89,17,22,0.265,18
20,367.79,16,23,0.065,63
14,367.46,17,19,0.175,63
18,367.3,14,23,0.215,75
20,367.11,21,21,0.19,68
27,366.78,16,19,0.25,28
24,366.68,15,15,0.165,95
24,366.55,16,20,0.155,78
24,366.28,14,26,0.145,65
18,366.18,21,21,0.24,75
18,366.17,17,20,0.205,70
26,365.34,16,23,0.19,55
23,364.82,18,22,0.195,75
26,364.09,23,18,0.305,68
18,364,21,19,0.145,68
32,363.59,17,26,0.295,18
20,363.19,20,20,0.275,78
20,362.98,14,19,0.18,53
17,362.73,16,21,0.25,73
26,362.65,17,15,0.205,70
23,362.33,16,25,0.19,53
24,362.27,12,26,0.21,10
29,361.7,11,23,0.135,15
33,361.44,18,16,0.165,70
20,360.88,20,19,0.2,63
38,360.37,16,28,0.28,8
17,360.08,17,22,0.205,68
35,359.78,9,22,0.28,23
20,359.53,18,20,0.195,90
27,358.62,20,21,0.25,65
27,358.38,14,20,0.215,33
35,358.3,10,19,0.35,8
20,358.18,16,25,0.155,78
33,358.11,18,18,0.28,5
41,357.94,17,24,0.265,33
20,357.87,22,26,0.18,93
18,357.3,18,15,0.165,50
32,357.29,21,24,0.165,78
32,357.25,15,21,0.3,60
26,357.09,14,30,0.25,3
20,357.08,20,21,0.225,83
14,357.04,22,21,0.18,65
30,356.96,18,26,0.195,10
18,356.63,14,18,0.25,50
29,356.06,17,22,0.235,65
21,355.92,19,24,0.08,68
21,355.88,16,23,0.155,70
29,355.37,14,18,0.215,70
26,355.22,16,23,0.155,73
36,355.1,11,23,0.275,28
30,354.95,17,20,0.205,83
23,354.88,18,22,0.25,88
33,354.76,8,18,0.375,23
29,354.62,15,23,0.265,30
18,354.19,16,20,0.22,55
18,353.95,16,23,0.315,68
32,353.87,15,29,0.235,3
21,353.76,18,27,0.165,53
29,353.52,20,21,0.175,8
27,352.31,21,19,0.19,78
23,352.21,16,26,0.28,65
20,352.19,17,25,0.175,78
23,352.18,20,23,0.175,83
33,352.07,15,28,0.265,20
27,351.9,19,21,0.235,68
29,351.79,18,22,0.165,63
24,351.33,20,25,0.075,60
26,350.86,16,16,0.095,63
18,350.65,17,31,0.175,68
30,349.88,21,25,0.215,30
12,349.84,18,22,0.22,65
17,349.47,21,26,0.05,63
20,349.21,16,17,0.22,60
32,349.07,18,26,0.22,8
21,349.06,15,21,0.165,55
24,348.99,19,23,0.13,58
35,348.73,19,28,0.235,10
30,348.56,14,16,0.25,80
20,348.38,17,22,0.235,68
35,347.43,15,24,0.265,13
21,347.38,19,22,0.105,50
32,347.34,14,26,0.18,20
26,346.79,19,23,0.08,75
30,346.78,6,26,0.165,23
26,346.1,19,22,0.185,58
36,345.97,10,25,0.25,15
33,345.84,15,26,0.335,13
23,344.97,18,18,0.085,78
30,344.96,10,21,0.35,33
41,344.91,9,13,0.39,28
33,344.77,16,24,0.22,20
47,344.31,11,11,0.41,50
26,343.68,10,21,0.25,25
20,343.61,17,22,0.145,65
24,343.14,15,26,0.2,15
38,342.91,11,27,0.32,15
29,342.73,19,27,0.29,25
36,342.06,11,26,0.18,25
29,341.97,14,28,0.32,18
27,341.94,17,23,0.205,80
32,341.91,14,24,0.25,40
45,341.6,11,14,0.32,30
21,341.56,12,24,0.335,85
20,341.33,21,19,0.285,58
23,341.24,15,25,0.2,15
27,341.13,22,25,0.205,75
24,340.98,15,19,0.235,68
24,340.97,16,23,0.155,88
27,340.72,21,19,0.165,53
21,340.4,19,23,0.235,38
35,340.25,16,22,0.315,33
26,339.79,9,20,0.28,10
30,339.69,11,27,0.275,35
21,338.94,18,19,0.165,60
24,338.29,17,30,0.145,53
32,338.22,10,20,0.35,25
33,337.81,20,24,0.25,65
33,337.15,12,20,0.25,25
30,336.95,19,20,0.34,3
26,336.1,14,27,0.145,8
32,335.54,8,17,0.19,8
24,335.15,20,25,0.25,73
26,335.02,17,20,0.145,60
48,334.95,10,7,0.35,28
20,334.69,16,19,0.28,70
20,334.33,16,15,0.19,83
30,334.13,11,18,0.225,18
23,333.67,18,21,0.165,50
32,333.11,9,23,0.22,28
30,333.02,9,25,0.335,8
24,332.8,17,20,0.205,53
14,332.36,18,23,0.165,48
32,331.75,16,19,0.345,88
15,331.26,15,25,0.165,75
21,331.11,18,26,0.22,83
24,330.74,18,26,0.195,70
27,330.68,9,19,0.28,20
26,330.68,19,22,0.105,58
36,330.03,10,28,0.3,40
23,330.03,17,23,0.265,60
20,328.76,13,18,0.19,78
23,328.43,16,17,0.22,65
26,328.11,7,22,0.215,8
27,327.57,11,23,0.18,30
32,327.52,11,24,0.275,25
18,326.88,22,21,0.25,93
39,326.63,12,9,0.335,20
15,326.58,21,20,0.31,88
42,326.17,13,11,0.345,33
29,325.89,17,23,0.205,63
15,325.86,14,21,0.18,75
38,325.8,17,28,0.175,28
20,325.69,17,27,0.295,83
32,325.23,6,19,0.25,30
27,325.21,19,22,0.21,83
26,325.18,17,25,0.265,18
24,324.7,15,21,0.165,78
27,324.28,20,24,0.1,58
30,323.73,18,24,0.195,3
39,323.14,8,19,0.375,28
33,323.13,16,26,0.22,30
35,323.05,12,23,0.21,45
33,322.52,13,17,0.27,28
44,322.19,9,11,0.28,33
45,322.02,10,22,0.25,13
29,321.58,11,17,0.18,13
20,321.15,15,20,0.235,60
14,321.15,16,21,0.22,68
29,320.53,10,28,0.3,18
23,320.41,18,19,0.22,75
44,320.36,12,14,0.335,33
24,320.36,17,23,0.145,60
45,320.16,10,14,0.25,18
32,319.6,7,24,0.285,23
36,319.13,10,20,0.25,33
27,318.41,15,21,0.1,78
18,318.04,18,23,0.22,65
26,317.08,9,21,0.335,15
20,316.97,16,25,0.155,63
32,315.12,13,20,0.345,28
18,314.84,18,17,0.085,50
36,314.4,13,12,0.27,50
38,313.47,11,19,0.275,3
35,313.01,12,21,0.415,20
39,312.84,8,15,0.315,38
38,311.87,11,19,0.225,28
32,311.84,10,22,0.3,18
36,311.5,7,17,0.285,30
36,310.58,6,19,0.335,23
45,310.37,8,12,0.315,25
26,310.31,8,21,0.315,38
45,309.74,10,11,0.3,23
32,309.14,10,22,0.3,25
20,308.94,15,26,0.135,63
38,308.36,9,24,0.39,15
26,308.26,11,16,0.32,8
30,306.44,8,14,0.315,35
32,305.99,11,20,0.275,10
30,305.5,12,22,0.29,23
32,305.45,8,24,0.25,15
32,305.33,12,19,0.29,35
29,305.15,11,19,0.275,23
45,304.95,7,14,0.285,35
42,304.89,13,9,0.385,55
36,304.82,16,24,0.22,25
23,304.79,14,21,0.355,28
26,304.78,24,21,0.19,55
30,304.56,14,22,0.32,5
44,304.47,10,10,0.25,45
38,304.28,7,19,0.355,8
36,303.96,10,28,0.35,25
33,303.76,5,27,0.3,18
26,302.73,20,24,0.35,0
24,302.49,7,19,0.285,20
42,302.15,9,17,0.28,43
33,301.94,9,23,0.335,8
27,301.87,11,26,0.275,38
41,301.86,10,20,0.3,25
36,301.65,9,17,0.39,20
29,301.44,10,17,0.3,18
35,301.29,16,31,0.315,28
30,301.1,14,29,0.285,5
48,300.57,8,13,0.315,45
27,300.21,13,26,0.115,8
27,299.89,11,19,0.275,10
51,299.32,12,16,0.25,55
41,299.11,12,24,0.335,25
33,298.65,16,26,0.25,3
29,298.01,11,21,0.41,15
27,297.55,7,23,0.215,18
36,297.53,7,18,0.285,30
35,297.3,10,23,0.25,25
41,296.27,10,12,0.35,20
27,296.16,10,20,0.2,20
47,296.09,9,16,0.28,25
36,296.08,8,21,0.315,10
38,295.94,7,21,0.215,25
45,295.56,9,15,0.335,25
32,295.53,10,28,0.15,25
35,295.27,11,26,0.275,28
32,295.02,13,19,0.31,30
30,294.93,10,25,0.3,35
23,294.81,17,21,0.12,58
38,294.56,11,21,0.41,20
30,294.56,9,28,0.28,30
35,294.33,11,20,0.365,35
29,293.79,8,27,0.315,18
47,293.53,11,18,0.275,20
30,293.04,11,26,0.275,18
50,292.99,11,14,0.18,58
38,292.68,7,22,0.285,45
50,292.62,7,19,0.215,23
32,291.85,11,24,0.18,33
35,291.81,8,20,0.25,28
23,291.68,20,20,0.15,65
47,291.43,10,13,0.35,30
42,291.19,11,13,0.275,23
47,291.02,11,16,0.365,30
35,290.4,10,30,0.3,13
27,290.32,6,28,0.25,30
32,290.06,11,26,0.275,25
24,290.02,10,20,0.4,15
23,289.96,18,23,0.195,78
53,289.49,11,12,0.225,43
32,289.14,13,19,0.23,15
47,289.06,11,17,0.225,33
30,288.99,7,22,0.285,23
47,288.83,12,12,0.29,35
32,288.75,12,18,0.25,8
30,287.71,7,17,0.355,10
23,287.31,10,23,0.35,8
27,287.09,10,20,0.2,28
36,286.59,8,20,0.315,10
47,286.55,12,12,0.335,48
32,286.51,9,22,0.335,20
44,286.38,11,16,0.41,40
38,286.12,9,25,0.22,33
44,285.96,10,10,0.45,40
32,285.91,10,23,0.25,10
32,285.85,11,25,0.32,28
38,285.54,8,24,0.25,15
33,285.54,10,21,0.3,18
35,285.25,9,22,0.39,28
30,284.84,15,25,0.335,8
26,284.47,17,25,0.145,28
47,284.36,13,10,0.31,20
39,284,10,22,0.4,13
48,283.19,9,25,0.28,20
30,282.43,10,18,0.35,20
44,282.3,10,17,0.35,30
41,281.45,13,7,0.31,45
47,281.01,11,14,0.41,28
39,280.99,5,22,0.4,23
42,280.76,11,10,0.32,33
44,280.68,9,20,0.165,10
18,280.68,8,22,0.25,13
45,280.45,11,9,0.41,43
45,280.4,11,20,0.225,28
47,280.32,15,16,0.265,53
45,280.23,12,13,0.415,48
39,280.1,8,11,0.375,45
41,279.93,11,25,0.32,8
41,279.88,14,9,0.355,33
39,279.79,9,13,0.22,38
41,278.99,5,12,0.4,30
24,278.92,7,22,0.355,15
30,278.86,10,22,0.35,20
38,278.83,7,21,0.285,18
26,278.8,16,19,0.125,65
36,278.36,10,22,0.3,13
45,277.82,11,10,0.32,40
39,277.71,10,22,0.35,25
42,277.63,10,14,0.35,68
30,277.43,14,24,0.32,15
32,277.07,10,22,0.3,8
36,276.76,8,12,0.375,50
20,276.54,16,23,0.095,75
45,276.46,9,17,0.22,50
39,276.16,6,11,0.335,53
33,276.1,11,27,0.32,30
27,275.87,9,25,0.39,18
30,275.87,10,22,0.2,28
33,275.79,12,22,0.375,28
41,275.64,9,9,0.335,25
32,275.46,11,19,0.32,25
38,275.41,11,13,0.275,20
29,275.41,10,21,0.25,23
38,275.41,8,23,0.315,30
45,275.25,9,13,0.335,40
32,275.2,10,20,0.3,40
30,274.94,7,18,0.43,23
30,274.94,12,23,0.21,23
29,274.78,10,21,0.3,25
24,274.64,16,22,0.28,23
39,274.62,6,21,0.415,38
33,274.53,9,25,0.28,20
39,274.47,9,25,0.28,25
36,274.16,10,23,0.35,0
38,273.36,12,28,0.25,23
27,273.18,6,23,0.335,28
36,273.09,7,18,0.285,48
29,272.98,12,22,0.25,33
26,272.57,6,17,0.25,25
51,272.43,11,15,0.32,5
35,272.38,8,7,0.315,43
38,272.09,5,21,0.3,20
29,272.05,8,21,0.25,20
47,271.83,12,17,0.165,45
45,271.7,9,16,0.28,25
33,271.44,10,22,0.25,45
50,271.36,11,12,0.275,13
45,271.35,6,10,0.335,33
29,271.12,9,21,0.335,20
35,271.04,11,27,0.225,20
30,270.51,7,22,0.355,25
44,270.22,12,17,0.335,53
38,269.97,9,17,0.335,33
27,269.95,11,22,0.41,15
24,269.78,8,20,0.315,15
38,269.74,16,21,0.375,10
44,269.66,10,16,0.2,38
29,269.4,7,21,0.285,18
30,269.39,11,17,0.365,33
48,269.27,9,16,0.335,35
47,269.13,10,13,0.4,20
53,269.01,6,12,0.25,28
36,268.76,6,22,0.165,5
47,268.69,12,15,0.335,18
47,268.58,10,14,0.3,33
24,268.5,10,21,0.35,30
29,268.43,11,23,0.225,0
36,268.43,11,25,0.225,20
32,268.34,3,25,0.335,23
47,268.33,11,12,0.225,35
33,268.16,12,22,0.375,30
30,267.89,9,26,0.11,20
36,267.8,10,24,0.4,18
53,267.7,8,15,0.25,48
41,267.64,7,8,0.145,55
33,267.59,4,24,0.25,10
42,267.44,9,13,0.28,35
29,266.55,13,21,0.27,45
33,266.26,10,20,0.3,15
54,266.09,10,11,0.3,43
30,265.9,12,18,0.29,40
50,265.88,10,16,0.35,73
35,265.71,7,22,0.215,13
38,265.71,8,23,0.315,15
44,265.64,8,12,0.25,50
29,265.56,11,22,0.41,13
30,265.36,7,22,0.285,18
36,265.07,10,21,0.3,13
47,265.05,10,14,0.3,35
47,265.01,8,16,0.315,35
33,264.83,9,26,0.335,18
41,264.73,6,18,0.335,30
24,264.66,20,19,0.2,55
32,264.63,11,24,0.135,23
29,264.4,6,17,0.25,23
27,264.21,7,18,0.43,35
39,264.13,16,11,0.405,25
27,264.09,11,29,0.365,43
44,263.92,9,17,0.28,28
35,263.83,12,24,0.375,30
33,263.8,7,22,0.285,28
38,263.75,10,21,0.4,35
27,263.72,8,21,0.315,35
33,263.66,9,21,0.445,35
29,263.65,8,23,0.315,20
29,263.25,19,23,0.265,68
44,263.24,12,12,0.25,43
41,263.18,9,10,0.22,18
47,262.99,9,10,0.39,30
35,262.78,10,23,0.2,20
36,262.63,11,20,0.275,10
30,262.08,11,25,0.365,28
38,262.02,13,22,0.345,18
30,261.88,5,26,0.3,23
42,261.81,14,16,0.395,28
29,261.69,12,21,0.25,10
38,261.56,9,23,0.28,13
35,261.54,8,25,0.25,23
45,261.38,11,13,0.365,18
39,261.16,8,20,0.315,28
39,261.11,12,27,0.29,23
24,260.57,9,15,0.28,48
42,260.51,8,18,0.315,30
38,260.41,10,27,0.3,35
27,260.27,10,20,0.4,10
36,260.1,11,21,0.365,23
32,259.89,9,23,0.22,40
42,259.83,10,9,0.35,25
50,259.72,11,14,0.225,45
29,259.34,11,27,0.275,13
35,259.08,11,14,0.275,48
33,258.8,5,20,0.4,13
41,258.61,7,25,0.285,28
33,258.57,10,25,0.35,10
23,258.57,21,25,0.12,58
36,258.53,7,19,0.285,23
45,258.47,11,14,0.41,38
50,258.45,10,11,0.3,33
35,258.44,9,19,0.39,15
32,258.43,12,19,0.375,23
36,258.1,11,20,0.225,38
35,258.09,13,23,0.31,38
29,258.09,10,20,0.3,43
30,257.93,10,22,0.3,23
35,257.89,14,20,0.32,8
29,257.63,9,22,0.22,20
39,257.44,8,26,0.315,10
42,257.31,9,14,0.335,48
32,257.24,12,13,0.29,23
35,256.98,11,27,0.275,28
38,256.89,10,14,0.35,38
27,256.87,8,19,0.315,35
44,256.61,7,13,0.355,25
39,256.6,12,26,0.335,18
35,256.6,8,18,0.315,35
42,256.5,10,18,0.3,60
44,256.43,9,9,0.28,30
39,256.26,8,9,0.25,40
24,256.13,9,18,0.335,33
29,255.93,10,24,0.4,23
39,255.85,10,5,0.35,18
50,255.65,9,13,0.28,28
39,255.53,9,18,0.335,40
38,255.37,6,24,0.415,13
45,255.13,10,16,0.3,18
32,254.91,9,22,0.22,23
30,254.19,8,24,0.375,23
38,253.69,12,24,0.25,25
38,253.66,9,13,0.335,43
35,253.56,9,17,0.28,33
33,253.46,10,21,0.3,33
24,253.42,7,28,0.285,33
33,253.12,9,20,0.28,25
47,253.06,10,12,0.3,35
24,253.03,8,27,0.315,28
32,252.95,12,25,0.335,30
33,252.94,10,20,0.3,38
32,252.78,13,26,0.27,10
38,252.72,9,22,0.165,38
44,252.69,10,15,0.3,40
29,252.54,9,28,0.445,33
53,252.31,12,15,0.25,43
47,252.29,8,12,0.375,43
32,252.03,9,18,0.39,15
27,251.95,9,22,0.22,10
39,251.8,10,12,0.3,28
30,251.74,9,21,0.28,28
32,251.43,11,22,0.225,25
26,251.42,8,14,0.25,20
44,251.03,11,11,0.275,35
35,250.99,10,19,0.4,10
35,250.95,9,24,0.335,15
45,250.94,13,17,0.31,40
32,250.75,8,24,0.25,8
44,250.66,11,26,0.275,25
26,250.53,11,25,0.32,30
33,250.48,7,22,0.355,28
23,250.45,14,21,0.215,13
27,250.39,5,22,0.3,45
35,250.21,7,23,0.285,25
30,249.95,9,27,0.28,30
35,249.91,7,16,0.285,20
41,249.64,8,30,0.25,20
32,249.61,8,14,0.315,18
47,249.59,10,10,0.45,33
44,249.24,7,15,0.355,40
27,249.11,8,22,0.19,10
32,248.92,13,22,0.27,18
32,248.67,11,21,0.32,13
32,248.39,9,17,0.335,10
42,248.34,10,22,0.3,33
41,248.02,9,14,0.28,28
30,247.71,10,25,0.3,33
50,247.69,10,17,0.25,35
41,247.53,9,14,0.28,25
48,247.39,11,12,0.32,38
38,247.24,7,25,0.285,13
32,247.23,13,21,0.27,28
47,247.16,12,10,0.415,43
30,247.12,9,24,0.28,8
42,247.05,10,15,0.25,33
38,247.02,8,22,0.19,25
36,246.97,6,25,0.335,38
44,246.81,10,10,0.3,30
51,246.77,10,17,0.35,35
48,246.74,6,13,0.335,23
36,246.7,9,25,0.28,15
24,246.63,14,22,0.355,18
44,246.5,13,16,0.23,25
30,246.5,11,22,0.275,38
33,246.47,9,23,0.28,28
32,246.46,7,23,0.215,23
50,246.35,9,16,0.28,38
39,246.24,12,22,0.335,28
35,246.1,7,22,0.215,15
35,245.76,12,22,0.29,18
33,245.76,7,21,0.285,35
36,245.72,11,17,0.275,18
41,245.61,9,6,0.335,30
42,245.56,9,13,0.28,40
35,245.43,8,12,0.19,28
36,245.38,8,24,0.25,30
26,245.19,9,18,0.22,43
44,245.18,13,18,0.23,33
29,245.15,9,19,0.335,15
26,245.08,10,23,0.35,28
45,244.97,14,16,0.32,25
48,244.87,10,14,0.25,30
38,244.69,11,12,0.225,18
41,244.62,8,21,0.125,13
36,244.55,11,21,0.32,43
35,244.45,12,21,0.29,35
36,244.32,13,25,0.23,18
47,244.23,13,11,0.31,38
36,244.22,10,12,0.3,45
36,244.09,8,21,0.315,15
36,244.01,12,23,0.335,33
30,243.97,12,22,0.375,8
50,243.97,13,16,0.31,28
45,243.77,5,12,0.3,33
33,243.74,6,25,0.415,40
33,243.7,8,19,0.315,43
42,243.62,8,17,0.25,13
35,243.61,12,19,0.29,18
32,243.6,5,20,0.4,33
51,243.52,7,15,0.285,55
41,243.14,10,10,0.3,50
45,243.04,10,13,0.35,45
38,243.04,10,9,0.3,45
36,242.97,12,25,0.29,8
41,242.73,10,25,0.3,35
42,242.64,12,25,0.25,35
41,242.43,8,17,0.315,55
42,242.16,11,14,0.225,48
32,242.15,14,23,0.285,28
41,242.09,11,20,0.32,28
36,242.06,8,18,0.25,20
30,241.71,8,20,0.375,35
45,241.67,10,11,0.3,43
36,241.66,9,27,0.22,15
32,241.66,10,19,0.3,25
30,241.65,10,20,0.35,15
44,241.62,13,9,0.31,25
45,241.45,7,12,0.215,20
45,241.35,14,10,0.355,33
39,241.29,7,20,0.285,23
38,241.26,6,19,0.25,30
48,241.18,11,12,0.225,45
21,240.78,10,20,0.25,35
27,240.77,9,23,0.335,33
39,240.75,10,17,0.45,43
29,240.67,10,25,0.4,18
32,240.59,8,20,0.315,5
35,240.54,8,22,0.375,30
26,240.47,10,24,0.35,20
33,240.34,7,26,0.285,15
45,240.28,9,10,0.28,8
35,240.27,8,24,0.19,28
45,240.24,10,17,0.3,38
38,240.01,11,9,0.275,23
24,239.95,9,24,0.28,35
36,239.88,8,19,0.25,28
24,239.83,13,18,0.31,13
42,239.72,8,19,0.315,65
38,239.69,8,22,0.375,25
30,239.58,11,20,0.225,33
47,239.38,12,13,0.165,23
38,239.23,7,13,0.285,25
48,239.14,6,15,0.25,60
39,239.1,7,24,0.285,20
47,238.99,9,15,0.22,40
36,238.68,12,12,0.25,15
41,238.24,14,15,0.395,30
36,238.11,10,20,0.25,23
24,237.88,3,27,0.335,20
30,237.77,8,18,0.375,3
29,237.74,11,23,0.365,8
42,237.69,9,9,0.39,23
50,237.54,11,9,0.32,38
35,237.15,8,19,0.315,23
51,237.07,10,19,0.3,30
30,236.96,15,22,0.365,13
33,236.87,12,24,0.25,20
29,236.86,11,25,0.365,25
41,236.78,11,15,0.365,30
42,236.77,11,25,0.275,18
44,236.59,6,9,0.415,40
45,236.53,8,11,0.375,28
48,236.49,10,11,0.25,33
42,236.46,10,10,0.2,23
44,236.34,9,18,0.445,23
26,236.21,7,17,0.285,40
26,236.18,9,21,0.39,18
48,236.08,14,14,0.25,28
32,236.07,8,16,0.315,13
47,236.05,7,11,0.5,43
48,236.03,10,16,0.25,25
51,236,9,16,0.39,35
50,235.93,12,17,0.335,20
44,235.89,10,15,0.25,18
45,235.8,8,16,0.25,35
32,235.72,11,24,0.365,25
44,235.58,12,15,0.25,25
30,235.56,7,20,0.285,35
24,235.51,12,18,0.25,20
47,235.42,11,9,0.275,53
44,235.4,10,10,0.3,20
38,235.36,7,24,0.285,38
27,235.36,7,23,0.355,48
36,234.95,7,24,0.215,23
47,234.95,16,18,0.315,28
32,234.89,11,22,0.275,3
48,234.88,11,13,0.18,30
36,234.83,12,23,0.375,8
45,234.7,4,14,0.25,10
36,234.54,10,26,0.4,3
51,234.52,11,14,0.275,23
24,234.33,6,23,0.335,18
50,234.25,8,10,0.25,33
42,234.2,8,15,0.375,38
38,234.03,13,21,0.27,28
42,233.71,9,11,0.28,45
30,233.64,8,19,0.375,15
26,233.52,10,20,0.35,10
30,233.44,12,24,0.335,33
27,233.4,9,24,0.22,23
42,233.32,9,15,0.39,30
36,233.11,10,22,0.25,18
41,232.93,8,12,0.19,35
38,232.81,11,29,0.365,23
45,232.76,6,18,0.25,30
44,232.75,9,25,0.28,23
27,232.71,9,15,0.28,33
45,232.64,11,24,0.225,28
45,232.57,13,14,0.27,20
41,232.55,10,23,0.3,38
32,232.5,9,18,0.39,23
29,232.44,7,21,0.355,15
29,232.13,11,23,0.225,23
32,231.99,11,20,0.225,18
33,231.95,15,28,0.265,28
38,231.93,10,12,0.2,25
42,231.88,12,21,0.335,25
44,231.86,12,13,0.335,35
32,231.83,14,19,0.25,20
32,231.67,9,20,0.165,33
45,231.64,12,14,0.335,30
41,231.63,13,15,0.345,45
39,231.58,9,12,0.28,35
27,231.56,8,16,0.25,20
39,231.53,10,15,0.3,33
51,231.37,7,12,0.215,48
51,231.33,9,10,0.335,28
30,231.32,9,27,0.165,20
45,231.16,11,7,0.365,18
54,230.98,9,19,0.335,50
38,230.97,8,18,0.375,25
45,230.9,10,13,0.4,40
42,230.84,8,18,0.315,45
41,230.72,10,14,0.25,18
45,230.69,10,8,0.35,28
39,230.59,9,19,0.335,48
30,230.5,9,16,0.445,10
33,230.36,11,22,0.275,18
48,230.33,6,14,0.25,35
29,230.19,8,23,0.19,38
26,230.15,6,20,0.25,13
23,230.11,10,23,0.25,28
33,230.06,7,25,0.355,30
42,230.01,10,13,0.35,58
41,229.95,7,24,0.355,35
44,229.82,14,16,0.285,33
32,229.76,9,16,0.39,33
42,229.76,9,16,0.22,40
33,229.75,13,21,0.155,35
36,229.68,11,8,0.18,28
39,229.64,8,16,0.44,38
26,229.46,8,24,0.44,23
41,229.31,9,20,0.445,23
47,229.12,9,7,0.335,38
38,229.06,9,24,0.28,23
30,228.94,10,19,0.25,15
36,228.83,8,12,0.375,38
30,228.79,11,23,0.225,43
38,228.71,15,28,0.335,23
50,228.6,8,12,0.19,30
42,228.31,5,9,0.3,45
29,228.28,9,24,0.28,5
35,228.27,11,19,0.225,15
41,228.18,9,28,0.28,20
29,228.16,14,22,0.355,25
33,228.15,8,22,0.25,18
41,227.96,9,19,0.39,28
29,227.77,8,26,0.315,48
42,227.67,10,15,0.3,28
48,227.46,13,15,0.27,18
39,227.44,10,24,0.3,25
38,227.42,12,14,0.25,40
39,227.41,11,19,0.365,33
47,227.29,8,17,0.315,13
36,227.19,8,21,0.315,13
36,227.17,6,23,0.335,23
50,227.16,8,16,0.315,25
35,227.06,8,22,0.315,40
42,227.04,7,16,0.355,45
41,226.83,12,10,0.335,25
45,226.81,10,11,0.3,43
36,226.78,14,9,0.215,48
27,226.74,9,24,0.22,28
27,226.6,9,24,0.39,30
29,226.58,15,23,0.335,13
27,226.5,10,14,0.2,20
44,226.47,6,20,0.415,20
39,226.02,5,18,0.2,30
33,225.93,9,22,0.335,28
30,225.87,10,18,0.25,8
30,225.81,10,22,0.35,38
44,225.81,8,17,0.315,45
44,225.74,10,12,0.25,48
51,225.58,9,10,0.39,35
29,225.52,10,22,0.25,20
47,225.52,11,12,0.275,43
45,225.5,14,9,0.32,50
41,225.28,10,13,0.3,38
44,225.2,9,19,0.22,50
20,225.19,16,20,0.22,58
48,225.18,11,9,0.32,40
32,225.16,10,23,0.2,25
45,224.94,11,16,0.365,33
42,224.91,11,19,0.365,30
47,224.78,10,13,0.2,8
36,224.75,10,24,0.25,13
39,224.46,11,24,0.18,23
42,224.43,4,18,0.25,15
48,224.33,12,11,0.335,20
48,224.3,12,13,0.375,18
41,224.26,9,25,0.22,8
53,224.26,9,17,0.39,30
41,224.25,11,15,0.32,38
29,224.21,9,24,0.28,30
45,224.14,11,13,0.225,15
26,224.12,4,24,0.375,35
29,224.11,7,19,0.355,20
47,224.03,13,11,0.27,50
42,223.94,12,13,0.21,15
44,223.93,9,14,0.335,30
36,223.88,11,22,0.275,15
39,223.81,10,10,0.3,45
35,223.65,5,12,0.3,28
42,223.62,12,14,0.25,50
45,223.33,9,15,0.335,40
47,223.27,9,14,0.39,35
41,223.26,10,22,0.2,5
47,223.25,12,18,0.335,45
47,222.95,12,15,0.25,45
32,222.89,12,20,0.21,20
39,222.84,9,23,0.28,23
47,222.72,6,12,0.335,33
35,222.65,10,23,0.3,23
30,222.47,7,23,0.355,18
35,222.45,10,25,0.3,35
33,222.44,11,28,0.365,25
44,222.13,9,17,0.39,60
32,222.11,8,25,0.315,23
38,222.11,10,13,0.25,30
35,222.09,9,21,0.28,25
33,222.04,8,24,0.375,23
41,221.99,10,23,0.3,33
24,221.89,12,29,0.375,25
35,221.85,11,24,0.275,25
45,221.52,10,15,0.3,43
39,221.51,8,26,0.315,23
36,221.46,7,26,0.355,35
59,221.43,11,21,0.275,38
33,221.38,10,20,0.25,20
32,221.36,7,20,0.355,18
33,221.18,9,21,0.28,23
42,221.02,12,15,0.25,38
29,220.82,13,19,0.385,30
36,220.79,10,23,0.4,25
41,220.74,8,11,0.44,45
26,220.7,8,22,0.25,40
32,220.62,7,25,0.355,13
38,220.61,7,17,0.355,20
29,220.4,6,19,0.335,35
27,220.38,5,18,0.3,25
33,220.37,9,23,0.28,13
45,220.35,8,13,0.375,45
47,220.28,10,17,0.35,43
45,220.28,11,13,0.32,55
38,220.17,9,20,0.39,25
48,220.14,10,10,0.4,33
36,220.13,6,25,0.25,20
39,220.12,10,23,0.35,18
38,220.11,11,19,0.32,33
35,220.01,10,23,0.35,25
50,219.99,8,9,0.375,33
23,219.97,6,25,0.335,15
47,219.96,7,6,0.285,40
23,219.95,17,19,0.295,55
48,219.91,10,14,0.35,23
42,219.86,14,11,0.32,28
45,219.77,8,8,0.375,43
32,219.69,11,25,0.135,20
35,219.69,12,16,0.335,20
23,219.65,9,18,0.28,20
51,219.46,10,11,0.3,35
50,219.39,8,12,0.19,25
47,219.28,11,14,0.32,38
42,219.08,10,20,0.3,35
29,218.96,11,24,0.275,28
41,218.92,13,10,0.345,35
41,218.85,7,11,0.285,48
41,218.84,5,16,0.3,60
51,218.8,11,15,0.275,33
35,218.72,9,19,0.335,10
27,218.68,9,19,0.28,13
41,218.62,12,12,0.46,30
30,218.57,8,17,0.315,8
50,218.48,12,15,0.29,38
35,218.27,8,25,0.19,25
30,218.23,9,22,0.28,18
38,218.17,7,27,0.215,13
35,218.13,11,26,0.32,3
30,218.08,8,20,0.375,25
50,217.95,9,18,0.335,35
45,217.82,10,13,0.3,33
36,217.81,10,16,0.3,30
32,217.53,12,20,0.29,13
47,217.52,10,13,0.35,38
42,217.49,6,13,0.335,3
42,217.49,8,11,0.19,35
38,217.22,11,19,0.365,43
29,217.2,10,21,0.25,15
47,217.1,8,15,0.315,20
35,216.9,7,22,0.285,18
33,216.89,8,19,0.25,8
45,216.88,10,13,0.3,35
51,216.83,11,16,0.32,50
44,216.82,9,14,0.335,35
33,216.68,6,18,0.335,5
44,216.59,10,17,0.25,50
50,216.56,15,19,0.3,25
30,216.53,10,23,0.3,13
41,216.51,11,23,0.365,33
42,216.46,10,15,0.25,38
33,216.4,13,23,0.31,33
39,216.36,10,21,0.3,3
30,216.32,8,22,0.25,18
32,216.3,13,23,0.27,28
35,216.19,15,19,0.365,25
35,216.15,11,20,0.18,20
44,216.13,7,14,0.285,28
54,216.09,10,13,0.3,35
30,215.93,7,23,0.285,10
29,215.84,7,22,0.215,15
29,215.75,6,22,0.335,18
30,215.75,9,20,0.335,18
27,215.58,8,21,0.315,40
44,215.54,14,16,0.355,35
45,215.53,12,18,0.375,23
29,215.52,10,21,0.35,33
24,215.49,8,19,0.315,18
41,215.48,9,12,0.39,28
33,215.41,10,21,0.3,20
36,215.23,7,20,0.355,15
41,215.01,9,15,0.28,25
48,214.98,8,17,0.25,33
44,214.93,11,7,0.365,28
33,214.78,7,21,0.285,25
24,214.76,8,21,0.25,23
30,214.75,11,18,0.275,25
33,214.72,10,24,0.2,3
32,214.7,7,22,0.285,15
33,214.62,9,25,0.165,18
32,214.61,11,23,0.225,10
38,214.55,7,20,0.285,38
30,214.53,13,18,0.345,38
33,214.42,9,22,0.335,15
35,213.97,11,24,0.32,23
27,213.9,13,26,0.27,3
48,213.77,12,26,0.375,43
47,213.76,9,18,0.28,38
48,213.69,8,12,0.25,45
47,213.63,10,16,0.25,28
30,213.53,14,21,0.32,28
44,213.52,9,13,0.28,28
51,213.42,11,16,0.365,25
35,213.29,9,23,0.28,10
29,213.2,8,21,0.25,33
35,213.18,9,21,0.445,13
44,213.07,10,12,0.3,25
36,213.05,11,24,0.18,10
33,213.02,12,20,0.415,35
35,212.96,8,20,0.375,5
48,212.79,14,10,0.43,30
27,212.76,10,23,0.3,28
45,212.75,12,12,0.25,5
32,212.59,9,16,0.165,15
30,212.52,8,21,0.375,5
44,212.4,12,12,0.375,45
35,212.36,6,22,0.25,25
41,212.33,15,15,0.365,38
45,212.32,10,11,0.3,28
48,212.3,10,11,0.25,30
51,212.28,9,14,0.335,25
32,212.26,11,19,0.275,13
32,212.2,9,16,0.39,38
36,212.09,11,26,0.18,25
36,212.02,12,22,0.29,8
27,212.02,13,24,0.345,35
48,212,13,15,0.345,33
41,211.97,12,9,0.335,40
39,211.86,9,10,0.22,65
29,211.67,9,24,0.335,10
35,211.54,10,24,0.3,8
30,211.51,8,20,0.25,20
27,211.44,13,24,0.19,33
42,211.44,13,15,0.345,40
36,211.39,12,22,0.375,20
36,211.36,9,15,0.335,5
41,211.28,9,25,0.28,18
32,211.22,12,17,0.29,10
39,211.11,7,19,0.285,25
33,211.11,8,20,0.25,28
47,210.97,11,12,0.32,30
48,210.95,6,17,0.335,20
33,210.89,9,18,0.22,28
26,210.87,6,21,0.335,20
32,210.79,10,22,0.25,13
42,210.75,13,15,0.31,18
33,210.71,9,19,0.28,28
45,210.41,10,8,0.25,28
27,210.31,15,21,0.365,23
42,210.26,12,15,0.29,55
51,210.24,6,8,0.335,20
45,210.12,13,12,0.27,13
48,210.11,10,11,0.25,35
39,209.91,11,23,0.365,10
50,209.83,6,17,0.25,23
41,209.23,8,16,0.25,43
39,209.06,10,14,0.3,3
45,209.06,11,18,0.32,38
35,208.9,8,19,0.315,5
27,208.69,8,23,0.25,18
38,208.69,8,14,0.25,33
45,208.64,8,11,0.375,33
48,208.63,11,17,0.32,53
42,208.62,7,14,0.355,23
44,208.55,10,18,0.3,35
35,208.3,9,24,0.335,13
35,208.3,7,21,0.285,43
30,208.12,6,24,0.335,10
47,208.03,9,12,0.28,43
29,207.87,11,24,0.32,23
45,207.71,10,13,0.3,45
38,207.62,9,21,0.28,28
33,207.6,13,26,0.31,25
35,207.57,9,21,0.22,15
47,207.49,13,11,0.31,43
44,207.34,8,8,0.315,35
42,207.32,10,19,0.35,53
27,207.31,9,27,0.22,20
35,207.31,10,27,0.35,30
35,207.29,11,18,0.225,30
45,207.17,10,9,0.4,53
45,207.11,11,15,0.32,28
33,207.11,10,26,0.35,35
32,207.07,10,26,0.4,8
39,207.01,11,13,0.41,43
47,206.88,10,21,0.35,28
33,206.8,7,22,0.215,20
26,206.71,11,20,0.365,28
32,206.54,9,21,0.28,13
30,206.42,10,25,0.2,23
38,206.41,8,15,0.25,45
36,206.36,8,27,0.19,30
47,206.34,10,14,0.3,43
35,206.25,7,23,0.285,33
41,206.18,9,12,0.28,43
41,206.16,11,16,0.275,40
38,206.12,10,26,0.2,23
45,205.86,11,17,0.41,45
33,205.83,8,23,0.25,15
45,205.82,8,11,0.315,60
30,205.79,9,25,0.28,30
51,205.77,8,13,0.315,33
42,205.76,10,13,0.25,45
50,205.65,9,13,0.335,53
45,205.52,8,12,0.375,60
44,205.48,10,17,0.3,43
42,205.38,11,11,0.225,50
33,205.27,9,21,0.335,30
30,205.1,7,25,0.285,13
35,204.97,12,20,0.29,28
32,204.76,9,20,0.22,40
44,204.76,15,15,0.335,48
36,204.72,10,22,0.35,15
44,204.66,7,16,0.285,53
32,204.49,10,26,0.25,28
42,204.45,6,17,0.335,18
45,204.35,7,11,0.43,28
33,204.32,7,24,0.285,35
30,204.31,12,19,0.25,10
45,204.19,11,8,0.225,58
36,204.12,7,27,0.285,13
35,204.04,11,21,0.32,23
39,204.03,5,12,0.3,33
50,204.01,9,11,0.335,45
26,203.95,13,17,0.31,23
56,203.95,8,13,0.25,25
42,203.74,9,18,0.22,15
36,203.61,5,21,0.3,10
39,203.61,10,19,0.2,35
33,203.48,10,19,0.3,35
29,203.43,6,26,0.25,18
45,203.39,7,13,0.285,35
30,203.34,13,22,0.385,30
39,203.17,9,11,0.11,58
35,203.04,11,23,0.225,25
33,202.88,14,15,0.25,25
35,202.81,9,26,0.22,10
27,202.57,9,18,0.28,28
33,202.44,13,21,0.31,45
53,202.41,11,15,0.365,33
36,202.34,9,19,0.28,0
38,202.33,6,19,0.25,18
32,202.3,9,22,0.28,0
35,202.26,7,12,0.43,35
33,202.24,9,21,0.22,25
41,202.2,10,19,0.4,18
23,202.12,9,26,0.39,18
51,202.11,5,9,0.3,28
56,201.97,9,7,0.165,30
32,201.88,10,20,0.35,50
27,201.84,10,20,0.25,15
27,201.79,11,22,0.32,23
47,201.79,11,14,0.18,30
38,201.78,10,23,0.35,5
47,201.64,8,13,0.315,45
33,201.61,9,28,0.28,15
51,201.6,12,14,0.25,45
32,201.57,8,23,0.125,35
36,201.5,9,21,0.28,25
39,201.42,9,19,0.28,25
36,201.24,13,17,0.345,20
30,201.13,9,19,0.22,23
38,201.11,11,15,0.365,35
27,201.09,8,28,0.25,25
39,201.08,11,23,0.275,20
29,201.08,6,18,0.25,30
35,200.99,6,20,0.25,15
41,200.93,9,15,0.335,45
48,200.92,13,15,0.31,23
44,200.9,10,14,0.25,23
45,200.84,11,13,0.135,18
38,200.84,11,10,0.275,23
35,200.76,7,20,0.355,33
33,200.75,9,25,0.335,13
39,200.58,9,23,0.22,35
47,200.56,11,21,0.275,28
33,200.54,9,13,0.335,33
47,200.48,12,15,0.29,45
32,200.47,11,22,0.41,13
21,200.41,11,26,0.32,13
38,200.37,9,22,0.28,25
39,200.33,6,24,0.25,8
35,200.31,10,25,0.35,35
47,200.25,11,11,0.275,33
53,200.17,10,12,0.3,20
45,200.09,13,23,0.345,23
48,199.7,11,12,0.365,28
42,199.64,9,15,0.335,48
48,199.53,10,17,0.2,15
45,199.5,11,11,0.275,30
45,199.33,8,14,0.375,45
47,199.31,11,12,0.32,43
48,199.18,9,10,0.28,25
33,199.15,10,20,0.35,18
41,199.13,15,12,0.435,33
33,199.11,8,18,0.315,23
45,199.04,6,10,0.25,38
36,198.99,7,26,0.285,28
33,198.95,13,28,0.345,15
33,198.94,12,23,0.335,28
30,198.85,9,16,0.39,13
27,198.76,8,19,0.315,13
30,198.69,7,27,0.355,30
35,198.68,9,24,0.335,20
51,198.51,10,11,0.4,50
33,198.49,8,23,0.315,8
50,198.37,12,12,0.375,20
26,198.37,9,25,0.335,25
35,198.32,14,14,0.215,53
42,198.3,9,24,0.22,15
30,198.21,8,22,0.25,5
36,198.01,7,24,0.43,38
54,197.88,12,11,0.25,23
39,197.88,11,14,0.32,25
41,197.77,9,26,0.335,23
39,197.75,10,20,0.3,30
42,197.69,10,10,0.4,38
42,197.67,10,12,0.3,40
24,197.58,11,25,0.275,5
41,197.49,12,15,0.25,38
29,197.43,9,22,0.39,18
35,197.39,9,25,0.22,5
42,197.34,9,14,0.335,18
33,197.31,8,23,0.375,10
36,197.25,12,23,0.25,25
41,197.15,13,16,0.155,25
47,197.11,10,10,0.25,13
30,197.1,11,19,0.225,23
29,197.09,11,24,0.225,30
29,197.08,13,24,0.23,18
33,196.98,9,21,0.335,10
30,196.86,7,19,0.355,25
32,196.81,9,25,0.22,5
24,196.81,9,26,0.22,15
41,196.81,11,17,0.275,40
41,196.8,8,24,0.25,20
29,196.7,11,27,0.365,38
36,196.64,9,21,0.22,40
47,196.51,11,15,0.365,33
33,196.48,8,24,0.315,8
41,196.44,12,21,0.29,38
38,196.39,10,15,0.3,18
24,196.28,18,25,0.22,28
47,196.22,9,13,0.28,38
44,196.15,12,17,0.21,38
33,196.03,8,20,0.19,13
35,196.03,10,22,0.2,23
41,195.98,6,11,0.335,35
33,195.97,12,22,0.29,23
41,195.89,9,20,0.28,40
33,195.69,11,19,0.225,45
42,195.69,10,12,0.2,48
33,195.64,9,24,0.22,40
26,195.54,7,21,0.215,28
33,195.19,10,22,0.25,8
50,195.12,11,11,0.41,45
48,195.1,11,17,0.275,35
48,195.07,8,8,0.25,10
30,195.07,4,26,0.25,15
51,195.04,9,11,0.335,28
53,194.81,11,15,0.365,28
44,194.74,8,15,0.315,30
50,194.73,9,16,0.22,40
36,194.72,10,25,0.25,23
26,194.72,5,21,0.3,25
48,194.7,10,13,0.35,33
30,194.57,5,23,0.3,25
47,194.56,12,11,0.29,33
39,194.53,9,22,0.335,23
38,194.41,7,19,0.355,23
26,194.4,10,22,0.3,10
30,194.38,11,21,0.365,28
51,194.36,15,14,0.335,25
33,194.32,9,22,0.335,23
30,194.27,10,20,0.4,13
45,194.23,11,9,0.225,25
45,194.18,12,13,0.29,38
45,194.15,8,14,0.375,43
30,194.07,9,24,0.39,30
32,193.94,12,23,0.25,43
36,193.93,8,22,0.19,5
32,193.93,9,24,0.28,8
42,193.77,8,14,0.315,35
53,193.77,8,13,0.315,43
39,193.65,9,19,0.28,15
33,193.52,9,26,0.22,53
30,193.4,8,20,0.125,20
39,193.32,9,21,0.28,15
44,193.19,11,17,0.32,23
36,193.11,9,19,0.22,38
30,192.99,9,22,0.165,15
39,192.93,9,8,0.335,25
42,192.87,10,15,0.35,30
47,192.77,7,11,0.215,48
30,192.67,7,18,0.355,25
45,192.62,7,11,0.355,35
45,192.61,14,12,0.25,35
47,192.56,12,15,0.21,25
32,192.36,7,23,0.215,28
42,191.91,8,15,0.315,48
29,191.88,7,24,0.285,15
30,191.81,10,19,0.35,38
47,191.78,9,20,0.39,38
45,191.74,11,18,0.41,10
42,191.72,7,16,0.285,33
38,191.72,15,9,0.4,58
33,191.69,9,29,0.335,33
50,191.52,13,14,0.31,43
41,191.41,9,26,0.22,43
29,191.27,8,15,0.25,28
53,191.25,9,12,0.22,28
48,191.2,8,13,0.19,23
45,191.03,11,15,0.32,35
27,190.95,10,24,0.4,30
42,190.65,10,17,0.25,15
42,190.42,10,19,0.25,43
42,190.15,8,20,0.315,33
30,190.11,12,20,0.335,13
42,190.1,10,17,0.25,18
42,190.05,9,22,0.39,38
42,189.95,12,12,0.335,35
48,189.89,12,12,0.21,30
44,189.73,12,17,0.29,43
41,189.62,9,9,0.39,35
33,189.53,7,21,0.355,3
35,189.48,9,24,0.28,5
48,189.45,8,8,0.315,48
26,189.4,8,20,0.25,3
39,189.38,9,18,0.335,33
54,189.36,16,12,0.345,45
45,189.33,13,12,0.31,30
39,189.31,10,22,0.3,15
38,189.13,12,21,0.335,40
47,189.08,7,15,0.285,53
42,189.06,11,22,0.32,13
39,189.06,12,14,0.375,33
45,189.05,12,10,0.335,13
29,189.02,8,20,0.315,20
48,189.01,13,14,0.27,33
45,189,8,15,0.315,35
45,188.94,10,16,0.35,43
38,188.84,13,12,0.27,48
41,188.79,10,11,0.35,33
33,188.73,7,25,0.355,15
44,188.72,12,13,0.25,10
33,188.64,8,20,0.25,25
32,188.57,9,18,0.28,25
45,188.36,12,12,0.335,33
42,188.26,11,12,0.365,43
39,188.22,13,19,0.345,43
27,188.21,10,18,0.35,20
38,188.2,7,19,0.215,30
39,188.13,9,22,0.165,33
45,188.11,8,19,0.315,23
42,188.05,15,16,0.335,38
45,187.9,7,10,0.285,35
41,187.83,10,15,0.3,13
35,187.82,11,23,0.32,38
48,187.79,8,17,0.315,20
32,187.76,6,18,0.25,18
32,187.6,9,23,0.28,13
35,187.37,5,28,0.3,30
45,187.35,10,15,0.35,40
32,187.29,11,17,0.275,28
35,187.27,12,23,0.29,23
50,187.25,10,11,0.35,45
45,186.71,12,15,0.335,10
33,186.69,11,26,0.18,35
29,186.55,15,28,0.4,28
42,186.51,8,26,0.375,33
27,186.46,11,23,0.275,18
45,186.42,11,10,0.275,13
26,186.41,10,23,0.25,20
33,186.4,7,25,0.285,5
41,186.39,13,15,0.345,38
50,186.37,10,19,0.3,5
26,186.37,11,23,0.365,10
33,186.2,9,24,0.165,10
42,186.12,7,15,0.5,35
33,186.04,10,21,0.35,28
35,185.95,8,16,0.25,13
47,185.8,5,15,0.3,23
36,185.78,10,20,0.25,15
38,185.76,11,15,0.275,45
42,185.53,9,11,0.28,30
42,185.5,10,6,0.15,45
50,185.4,10,11,0.25,53
36,185.31,9,15,0.22,23
48,185.21,9,13,0.335,45
45,185.07,11,13,0.225,38
36,184.99,5,24,0.2,38
42,184.84,10,17,0.2,38
32,184.64,9,17,0.28,8
41,184.64,9,13,0.22,33
24,184.57,8,20,0.25,23
42,184.52,8,14,0.25,35
42,184.41,7,28,0.355,15
33,184.23,9,24,0.335,10
53,184.18,10,21,0.3,43
33,184.16,6,29,0.335,20
45,184.06,7,9,0.145,43
39,184.04,11,19,0.41,28
30,183.98,8,23,0.315,23
38,183.9,10,17,0.25,8
51,183.85,11,14,0.365,28
32,183.73,11,23,0.365,25
45,183.45,5,13,0.3,55
35,183.43,14,21,0.285,30
45,183.43,10,16,0.2,48
41,183.42,6,14,0.335,43
30,183.38,7,18,0.355,28
41,183.32,11,18,0.225,40
47,183.18,11,15,0.365,10
33,182.96,10,23,0.25,28
38,182.58,8,23,0.375,15
42,182.53,10,12,0.4,45
30,182.51,8,20,0.315,23
47,182.31,9,11,0.165,38
48,182.31,13,10,0.27,50
47,182.25,9,14,0.39,65
44,182.22,13,20,0.27,28
51,182.11,11,11,0.32,35
44,181.75,10,12,0.4,35
42,181.57,12,11,0.375,33
48,181.47,10,14,0.25,35
30,181.35,9,23,0.335,40
30,181.26,10,21,0.4,35
27,181.21,11,22,0.365,10
56,181.19,9,10,0.165,53
26,181.04,8,26,0.25,25
35,180.9,8,24,0.19,38
45,180.85,13,11,0.345,40
29,180.83,9,27,0.335,25
51,180.8,13,15,0.155,48
48,180.75,13,17,0.385,50
36,180.73,11,21,0.365,15
33,180.72,7,8,0.215,23
39,180.67,7,12,0.215,25
27,180.66,10,24,0.35,28
44,180.62,11,11,0.32,45
21,180.57,9,21,0.28,38
38,180.31,12,17,0.375,30
36,180.08,10,25,0.3,30
32,179.93,10,23,0.35,13
42,179.86,7,19,0.285,10
35,179.78,13,25,0.31,23
45,179.65,10,9,0.25,35
47,179.62,9,12,0.335,23
45,179.59,10,11,0.3,35
45,179.54,5,10,0.3,43
36,179.52,16,18,0.345,30
35,179.5,11,20,0.18,3
38,179.44,12,25,0.335,8
33,179.42,9,20,0.22,25
39,179.4,12,16,0.335,30
44,179.35,8,12,0.315,28
45,179.33,11,12,0.365,38
39,179.26,9,27,0.445,23
47,179.02,9,15,0.28,35
48,179.02,9,9,0.39,50
33,179,7,19,0.355,20
32,179,8,23,0.25,20
41,178.77,9,11,0.28,33
50,178.71,7,15,0.285,28
39,178.6,7,19,0.43,10
30,178.6,8,21,0.375,25
38,178.44,11,24,0.365,18
53,178.44,11,12,0.225,25
44,178.36,12,11,0.415,35
27,178.19,6,23,0.335,3
32,178.03,12,16,0.25,30
33,178.03,13,25,0.385,38
42,178.01,10,11,0.15,38
29,177.9,7,26,0.355,25
56,177.85,8,17,0.19,18
32,177.8,9,23,0.28,28
36,177.63,12,12,0.335,40
33,177.4,12,13,0.415,30
32,177.31,9,18,0.28,8
29,177.19,14,26,0.395,8
50,176.89,6,14,0.25,30
36,176.82,15,9,0.235,33
39,176.74,9,21,0.39,38
41,176.62,12,15,0.335,30
45,176.6,7,18,0.355,43
30,176.42,7,22,0.215,25
50,176.35,9,17,0.335,25
44,176.16,7,22,0.285,13
41,175.97,11,16,0.455,48
30,175.95,13,19,0.31,23
36,175.93,12,20,0.25,25
32,175.87,12,24,0.25,10
48,175.85,11,9,0.32,33
51,175.79,9,12,0.445,55
36,175.78,6,21,0.25,18
36,175.75,11,19,0.32,8
32,175.74,12,20,0.29,10
36,175.74,10,23,0.4,20
32,175.73,11,24,0.225,23
44,175.55,10,13,0.15,35
42,175.49,12,9,0.29,3
47,175.49,9,15,0.335,48
41,175.44,10,25,0.2,15
39,175.42,12,11,0.335,13
23,175.32,10,19,0.2,0
41,175.31,12,10,0.21,33
29,175.29,7,21,0.285,18
32,175.26,10,19,0.2,30
45,175.23,10,16,0.4,40
29,175.18,8,23,0.315,5
29,175.18,12,20,0.375,5
45,175.09,10,15,0.3,33
36,175,10,20,0.35,8
44,174.99,9,17,0.28,8
50,174.97,10,12,0.3,38
44,174.85,11,15,0.365,20
42,174.73,12,15,0.335,45
41,174.53,9,19,0.28,33
32,174.51,9,23,0.28,13
48,174.4,9,13,0.22,28
36,174.36,9,17,0.22,35
39,174.1,10,16,0.35,25
45,173.89,14,14,0.355,35
42,173.68,7,11,0.5,18
41,173.64,10,24,0.15,43
30,173.44,9,19,0.335,28
32,173.42,14,25,0.32,33
41,173.29,7,11,0.285,35
50,173.14,13,18,0.345,28
48,173.03,5,22,0.4,30
39,172.83,10,9,0.25,35
26,172.77,11,25,0.32,15
35,172.68,8,20,0.19,5
32,172.63,5,13,0.4,38
38,172.41,9,14,0.335,43
38,172.27,12,18,0.25,33
50,172.27,7,10,0.285,48
45,172.17,8,19,0.44,35
39,172.14,6,23,0.415,25
47,172.09,10,14,0.3,33
27,172.06,7,20,0.285,30
53,172.01,12,10,0.29,33
53,171.97,9,10,0.5,15
48,171.93,13,16,0.345,40
42,171.72,8,12,0.25,45
33,171.66,13,22,0.345,25
33,171.31,10,17,0.3,35
45,171.28,11,20,0.275,18
30,171.14,13,21,0.345,10
45,171.04,11,18,0.18,20
35,171.02,12,26,0.335,20
38,170.98,10,19,0.25,15
50,170.89,7,13,0.355,40
44,170.8,10,11,0.35,38
50,170.74,9,10,0.22,28
59,170.74,7,16,0.355,55
47,170.73,13,10,0.345,20
48,170.22,10,19,0.35,25
32,170.19,7,17,0.43,25
48,170.08,10,9,0.3,20
27,170.03,11,21,0.32,23
38,170.03,12,13,0.21,45
29,169.87,11,28,0.32,25
48,169.74,9,21,0.39,33
45,169.69,11,14,0.365,45
39,169.6,12,23,0.25,33
33,169.3,11,27,0.09,18
45,169.29,12,16,0.25,23
32,169.28,8,24,0.25,23
45,169.19,12,19,0.25,15
32,169.12,12,23,0.335,15
30,169.11,9,25,0.335,23
47,169.04,8,7,0.375,35
36,168.97,9,16,0.22,33
32,168.95,10,22,0.35,30
42,168.91,9,15,0.22,33
42,168.88,10,8,0.35,38
27,168.85,4,23,0.375,23
45,168.81,10,20,0.4,20
42,168.63,9,11,0.445,45
39,168.57,8,13,0.44,28
44,168.55,12,10,0.25,33
29,168.5,11,23,0.275,28
39,168.47,8,10,0.315,23
41,168.46,9,15,0.39,18
45,168.46,10,9,0.25,35
29,168.38,8,21,0.44,15
41,168.35,8,14,0.25,40
26,168.26,5,21,0.3,0
30,168.22,8,22,0.315,5
51,167.91,9,9,0.22,38
29,167.74,7,25,0.285,20
39,167.72,10,21,0.3,25
32,167.54,4,14,0.375,25
30,167.5,12,22,0.415,18
41,167.4,9,18,0.28,38
44,167.07,12,20,0.46,28
32,167.02,10,20,0.25,13
30,166.9,11,20,0.275,18
44,166.9,11,16,0.41,30
45,166.84,10,9,0.15,33
42,166.78,8,9,0.315,35
39,166.66,11,11,0.365,20
44,166.66,11,12,0.275,50
29,166.59,8,19,0.375,43
42,166.54,9,17,0.335,50
33,166.51,16,26,0.28,3
41,166.51,11,8,0.135,30
33,166.37,12,16,0.375,18
41,166.36,13,11,0.31,55
45,166.35,10,14,0.3,28
45,166.16,8,9,0.25,45
35,166.14,14,25,0.25,8
47,166.03,9,14,0.28,48
51,165.88,9,15,0.445,48
42,165.87,10,16,0.35,40
44,165.73,10,12,0.25,30
35,165.63,7,24,0.285,8
33,165.39,10,26,0.35,10
30,165.38,7,22,0.285,35
27,165.24,9,29,0.28,10
33,165.22,9,20,0.39,20
36,165.21,7,22,0.43,13
45,165.17,10,6,0.3,28
48,165.11,8,11,0.315,28
39,164.88,11,11,0.275,13
44,164.87,9,17,0.335,30
32,164.86,11,18,0.365,50
41,164.82,10,14,0.3,43
27,164.46,9,17,0.335,23
45,164.14,12,14,0.375,53
51,164.09,11,12,0.32,35
42,164.06,12,16,0.25,18
51,163.94,12,15,0.46,35
35,163.89,8,10,0.375,35
47,163.87,11,13,0.365,25
26,163.8,12,19,0.25,10
47,163.75,7,16,0.43,43
38,163.74,6,22,0.165,28
44,163.73,8,11,0.315,35
33,163.72,11,18,0.32,35
30,163.65,13,20,0.31,8
47,163.58,13,17,0.27,35
41,163.47,9,17,0.39,50
44,163.45,9,9,0.28,28
30,163.38,8,20,0.44,43
44,163.33,13,17,0.19,38
26,163.29,10,21,0.3,35
29,163.25,13,26,0.31,15
24,163.16,7,23,0.285,28
47,163,8,15,0.315,43
39,162.92,10,11,0.3,28
51,162.86,10,10,0.25,40
29,162.79,8,21,0.315,20
41,162.78,9,10,0.28,38
29,162.72,10,17,0.25,40
29,162.7,11,23,0.455,33
44,162.67,11,15,0.225,35
26,162.51,10,28,0.3,43
45,162.4,11,12,0.41,43
27,162.31,12,21,0.375,18
47,162.26,9,11,0.445,38
50,162.25,9,16,0.22,38
32,162.1,9,16,0.445,30
29,161.92,13,23,0.19,20
30,161.77,8,22,0.315,35
33,161.76,7,16,0.285,33
45,161.67,11,10,0.365,28
35,161.51,12,25,0.29,48
45,161.42,9,13,0.335,35
45,161.33,9,16,0.28,43
50,161.32,7,14,0.355,38
45,161.28,11,13,0.365,30
44,161.02,11,15,0.365,28
27,161.01,8,22,0.375,25
36,160.72,11,15,0.41,25
44,160.45,11,12,0.41,30
47,160.42,12,9,0.375,43
47,160.4,9,14,0.28,20
41,160.22,9,12,0.335,30
41,160.19,7,17,0.43,30
45,160,10,13,0.35,15
42,159.92,10,6,0.35,40
41,159.74,9,12,0.335,30
30,159.66,12,25,0.29,13
44,159.55,7,14,0.43,33
42,159.38,8,18,0.25,25
50,159.36,7,16,0.215,28
29,159.1,6,24,0.25,38
39,159.06,10,12,0.4,33
42,158.91,11,16,0.32,43
29,158.76,9,22,0.165,10
39,158.75,13,22,0.385,18
27,158.73,10,21,0.35,28
47,158.72,9,8,0.22,38
44,158.66,13,14,0.23,40
48,158.64,9,13,0.39,33
41,158.63,8,11,0.19,35
54,158.57,10,12,0.4,15
41,158.42,6,20,0.25,55
36,158.21,12,13,0.165,35
47,158.21,10,9,0.3,45
47,158.13,11,12,0.365,30
38,158.04,13,25,0.385,33
45,158.03,13,16,0.345,45
30,157.83,9,18,0.39,15
44,157.72,11,14,0.275,25
39,157.7,11,4,0.275,48
53,157.59,13,13,0.31,48
36,157.36,9,11,0.335,25
24,157.21,9,21,0.28,20
32,156.96,11,25,0.275,18
47,156.92,12,15,0.335,25
50,156.71,11,16,0.275,28
48,156.56,12,13,0.335,43
24,156.54,7,23,0.215,48
33,156.49,10,23,0.2,23
45,156.49,11,18,0.275,40
32,156.25,13,17,0.385,8
42,156.16,8,10,0.315,35
47,156.07,11,17,0.225,55
32,156.01,9,20,0.335,25
45,155.95,6,12,0.335,38
45,155.85,13,11,0.19,43
45,155.8,8,10,0.375,38
44,155.75,7,9,0.355,28
29,155.66,12,18,0.165,38
42,155.55,11,14,0.41,15
48,155.52,8,17,0.315,28
44,155.39,6,15,0.25,33
47,155.34,9,13,0.39,48
33,155.27,11,27,0.32,18
26,155.05,8,22,0.065,35
44,155.04,6,11,0.335,20
26,155.02,8,24,0.315,25
33,155,11,17,0.365,28
41,154.89,10,14,0.4,50
30,154.77,9,29,0.28,30
35,154.71,9,17,0.28,43
54,154.7,11,10,0.32,18
45,154.62,10,12,0.3,33
29,154.51,8,22,0.44,10
32,154.47,6,27,0.335,25
48,154.46,9,13,0.28,23
50,154.31,15,11,0.4,40
27,154.1,9,28,0.28,20
29,154.1,10,24,0.4,33
29,153.99,8,21,0.25,43
48,153.87,8,9,0.315,45
36,153.64,9,25,0.165,25
27,153.14,8,16,0.375,38
44,153.13,11,9,0.275,35
39,152.91,8,14,0.375,8
30,152.88,10,13,0.4,20
32,152.64,9,18,0.22,15
42,152.6,13,11,0.19,40
42,152.25,11,16,0.275,48
48,151.89,12,17,0.335,35
33,151.86,13,21,0.345,8
38,151.84,11,19,0.32,13
38,151.83,11,18,0.225,18
56,151.63,10,15,0.25,23
35,151.59,12,21,0.21,8
41,151.51,11,18,0.275,23
29,151.32,11,23,0.275,43
33,151.03,10,28,0.25,3
42,150.9,11,8,0.365,53
38,150.89,9,14,0.335,43
29,150.78,7,20,0.285,35
33,150.73,10,16,0.25,35
39,150.61,13,12,0.345,48
38,150.61,9,15,0.22,65
41,150.58,8,18,0.25,50
42,150.53,11,15,0.18,35
42,150.52,11,17,0.365,48
35,150.47,11,19,0.32,55
42,150.46,15,11,0.235,35
47,150.39,11,14,0.365,43
27,150.24,11,25,0.365,15
47,150.15,6,15,0.25,40
41,150.13,10,12,0.35,33
38,150.11,14,20,0.215,8
30,150.03,8,18,0.315,30
42,149.89,13,11,0.27,25
36,149.75,11,27,0.32,3
38,149.72,8,15,0.44,35
39,149.65,12,16,0.29,43
36,149.53,10,20,0.3,18
51,149.52,7,15,0.285,38
47,149.32,10,13,0.3,43
42,149.3,10,13,0.4,55
29,149.29,10,24,0.35,28
41,149.14,7,5,0.355,35
38,149.08,11,25,0.275,10
35,148.99,9,21,0.335,23
42,148.89,7,17,0.285,28
47,148.79,13,19,0.31,50
41,148.71,14,14,0.25,23
29,148.68,10,19,0.25,18
33,148.66,13,25,0.27,23
36,148.51,14,14,0.355,23
30,148.49,9,23,0.22,5
44,148.41,13,10,0.385,48
50,148.35,11,13,0.32,45
38,148.29,11,13,0.225,25
50,148.29,11,19,0.225,38
30,148.2,12,17,0.25,30
38,148.1,12,14,0.415,50
51,148.02,11,14,0.365,48
54,147.98,8,13,0.375,25
50,147.93,6,11,0.335,15
47,147.92,9,12,0.335,30
39,147.75,11,16,0.32,20
38,147.7,10,21,0.3,20
33,147.7,7,25,0.355,20
36,147.63,7,12,0.43,18
44,147.63,10,15,0.4,48
44,147.54,10,12,0.4,40
41,147.37,10,19,0.4,23
41,147.31,8,12,0.25,33
45,147.16,12,16,0.29,20
33,147.11,7,21,0.43,45
30,146.96,9,21,0.335,13
45,146.69,13,17,0.385,28
47,146.36,9,10,0.165,50
41,146.33,8,18,0.25,28
45,146.28,12,14,0.25,18
36,146.28,12,21,0.29,33
20,146.12,11,19,0.275,13
29,146.06,10,19,0.35,25
39,145.83,12,11,0.25,15
35,145.83,11,20,0.365,30
32,145.65,8,24,0.19,15
48,145.51,10,15,0.3,33
32,145.5,10,20,0.2,13
44,145.41,11,13,0.18,38
35,145.16,10,23,0.3,35
44,144.83,9,7,0.22,40
38,144.7,9,13,0.335,28
48,144.5,5,12,0.4,43
41,144.35,10,11,0.3,55
32,144.3,10,23,0.3,23
48,144.3,9,15,0.22,23
38,144.24,8,28,0.25,23
50,144.22,11,9,0.275,55
30,144.14,12,26,0.29,18
45,144.09,11,10,0.275,35
36,144.02,7,27,0.43,43
26,143.95,6,21,0.25,33
39,143.76,11,14,0.275,20
29,143.65,7,18,0.285,23
45,143.43,11,11,0.32,40
41,143.32,10,16,0.2,53
35,143.3,10,17,0.2,8
32,143.3,13,23,0.155,15
45,143.23,11,14,0.225,35
45,143.2,11,13,0.32,18
24,143.15,7,24,0.285,45
41,143.12,10,9,0.25,43
33,143.06,11,19,0.365,23
35,142.96,10,18,0.3,25
30,142.57,10,16,0.35,18
51,142.3,10,12,0.35,45
44,142.07,10,14,0.3,38
48,141.89,10,14,0.35,23
33,141.65,10,25,0.25,0
42,141.54,11,11,0.32,33
50,141.5,12,10,0.335,23
32,141.05,10,22,0.25,40
45,140.91,7,11,0.285,55
41,140.66,9,25,0.335,23
27,140.65,10,21,0.3,25
33,140.64,11,21,0.365,18
30,140.62,8,18,0.315,30
36,140.47,11,16,0.225,3
32,140.38,9,21,0.335,30
30,140.26,12,24,0.375,8
47,140.03,9,13,0.28,30
39,139.97,14,13,0.32,53
48,139.93,9,12,0.335,45
26,139.83,3,22,0.335,38
45,139.72,8,15,0.44,48
39,139.61,10,24,0.3,20
48,139.56,10,19,0.2,20
48,139.45,13,13,0.345,23
32,139.43,11,24,0.275,15
47,139.34,11,11,0.41,35
32,139.06,8,27,0.315,18
47,138.87,12,12,0.335,10
36,138.73,11,23,0.225,15
47,138.59,10,10,0.35,53
44,138.56,10,15,0.25,33
50,137.97,12,17,0.335,40
33,137.88,9,20,0.445,13
45,137.74,12,9,0.335,38
38,137.52,5,20,0.4,25
36,137.5,11,15,0.32,35
44,137.36,10,17,0.3,35
36,137.18,13,16,0.23,43
21,137.13,9,13,0.335,23
38,136.9,14,17,0.285,25
41,136.77,12,14,0.21,55
51,136.51,11,14,0.41,33
50,136.42,8,11,0.315,40
35,136.22,10,12,0.3,38
44,136.18,11,14,0.32,38
35,135.96,7,19,0.285,18
45,135.94,11,10,0.365,33
39,135.74,11,23,0.275,35
30,135.56,10,25,0.3,15
39,135.49,9,20,0.28,23
36,135.42,12,26,0.375,20
35,135.4,7,25,0.355,15
32,135.29,7,18,0.285,35
44,135.22,9,18,0.22,40
30,135.14,7,15,0.43,18
48,134.99,10,13,0.3,63
42,134.85,9,13,0.39,28
42,134.72,7,14,0.285,25
36,134.32,8,24,0.375,25
45,134.31,7,18,0.285,25
54,133.93,9,16,0.22,35
36,133.83,11,14,0.225,48
45,133.73,12,8,0.21,30
36,133.71,11,21,0.41,23
47,133.68,9,10,0.335,13
41,133.62,6,12,0.25,18
36,133.62,10,14,0.3,30
42,133.51,12,12,0.25,40
45,133.38,13,9,0.27,35
45,133.34,7,17,0.285,38
50,133.28,12,11,0.335,25
51,133.2,10,11,0.4,33
50,133.19,8,14,0.315,33
27,132.99,12,19,0.335,15
42,132.95,8,15,0.19,53
32,132.78,10,25,0.4,20
32,132.52,12,22,0.375,25
45,132.45,9,11,0.28,33
30,132.21,10,21,0.4,8
45,131.95,10,11,0.35,40
30,131.94,10,18,0.25,23
53,131.94,9,14,0.22,58
30,131.91,7,19,0.215,23
36,131.86,7,24,0.285,20
44,131.85,10,21,0.4,15
48,131.52,11,15,0.32,25
29,131.47,6,23,0.335,18
44,131.47,14,18,0.18,40
42,131.22,12,11,0.21,25
33,131.17,5,22,0.3,25
36,131.15,11,26,0.275,0
42,130.98,7,16,0.355,23
29,130.97,8,22,0.25,23
54,130.96,8,11,0.315,35
47,130.94,11,11,0.275,38
45,130.93,10,16,0.25,35
33,130.8,12,12,0.375,25
45,130.71,12,7,0.21,35
42,130.71,9,15,0.22,40
45,130.66,9,10,0.445,35
32,130.61,6,24,0.335,18
44,130.61,11,19,0.225,20
51,130.61,8,14,0.315,33
39,130.58,12,15,0.29,63
50,129.97,12,15,0.25,33
48,129.87,8,19,0.25,40
47,129.74,14,12,0.285,25
39,129.67,13,15,0.345,40
44,129.26,7,18,0.355,33
50,129.23,9,15,0.335,40
39,129.02,10,9,0.3,28
45,128.98,10,12,0.25,20
38,128.97,9,26,0.28,35
42,128.96,13,8,0.345,20
30,128.87,9,23,0.335,18
42,128.56,10,15,0.3,45
35,128.24,9,26,0.335,33
38,128.08,9,19,0.28,20
48,127.71,9,14,0.39,25
41,127.7,8,15,0.315,23
38,127.59,6,18,0.25,28
51,127.48,11,18,0.365,55
36,127.42,11,9,0.32,38
48,127.37,12,11,0.375,40
38,127.09,12,17,0.29,43
36,127.05,9,25,0.22,28
41,126.94,9,14,0.335,48
39,126.88,14,16,0.395,18
44,126.52,9,11,0.335,30
36,126.5,13,23,0.31,28
35,126.48,12,27,0.25,13
42,126.38,10,12,0.35,30
33,125.88,12,22,0.29,15
47,125.79,9,4,0.28,38
47,125.74,7,11,0.355,30
45,125.58,9,12,0.28,58
35,125.4,10,17,0.35,20
38,125.23,12,15,0.335,43
48,125.22,15,13,0.235,40
44,125.03,8,18,0.315,28
29,124.7,8,24,0.315,28
33,124.43,8,16,0.315,23
36,124.36,7,18,0.285,8
45,123.93,13,4,0.345,40
32,123.86,11,24,0.32,28
47,123.8,12,17,0.375,48
42,123.71,13,12,0.425,35
38,123.66,10,20,0.25,40
32,123.5,10,22,0.25,38
44,123.49,13,12,0.425,10
41,123.26,13,15,0.345,35
48,123.08,8,10,0.315,33
42,123.03,8,13,0.315,48
36,122.81,12,29,0.29,13
50,122.72,10,9,0.3,38
30,122.48,14,23,0.285,40
41,122.09,8,14,0.25,23
39,122.04,9,7,0.39,38
44,121.79,13,13,0.385,43
42,121.71,10,12,0.4,43
32,121.68,11,19,0.275,23
39,121.05,8,13,0.25,35
36,120.87,7,21,0.355,33
47,120.28,11,12,0.275,43
35,120.25,12,19,0.375,25
44,119.89,11,13,0.225,20
50,119.85,14,9,0.25,20
47,119.71,13,16,0.27,33
41,119.29,8,19,0.375,40
38,119.24,11,19,0.275,38
47,119.21,11,8,0.275,23
36,119.21,7,13,0.355,43
44,119.07,5,13,0.3,43
48,119.06,11,17,0.32,30
51,118.79,10,13,0.25,15
42,118.67,8,13,0.315,38
50,118.64,11,14,0.225,35
47,118.64,8,11,0.315,48
51,118.52,11,14,0.32,25
35,118.44,12,22,0.21,38
30,118.4,6,25,0.25,3
29,118.27,6,19,0.335,33
45,118.22,10,11,0.4,38
42,118.03,6,15,0.25,5
35,117.75,11,20,0.32,30
50,117.47,4,19,0.375,40
45,117.32,11,11,0.455,30
44,117.21,8,13,0.315,35
51,116.92,10,14,0.35,50
32,116.91,11,19,0.275,35
32,116.82,12,28,0.29,28
35,116.78,10,18,0.3,10
50,116.66,11,11,0.365,48
39,116.51,10,12,0.35,40
48,116.16,13,15,0.115,33
45,115.64,10,13,0.3,25
33,115.57,10,11,0.3,40
53,115.49,10,14,0.3,43
47,115.11,11,15,0.225,50
41,114.79,11,10,0.32,25
35,114.74,7,21,0.285,15
33,114.57,13,21,0.27,45
36,114.2,9,16,0.22,5
29,114.07,11,23,0.365,20
42,113.72,15,12,0.265,30
39,113.19,14,14,0.285,43
32,113.06,7,13,0.285,30
42,113.05,13,13,0.27,45
41,112.7,10,12,0.35,55
51,112.69,11,14,0.32,20
38,112.51,14,17,0.25,28
36,112.5,8,26,0.25,25
33,112.41,9,22,0.22,25
38,112.36,8,20,0.125,28
50,112.27,8,15,0.315,43
26,112.13,9,26,0.22,30
44,111.59,11,17,0.365,48
30,111.21,9,24,0.28,15
39,111.2,9,14,0.28,53
29,110.8,12,20,0.29,38
35,110.78,12,20,0.29,30
39,110.52,8,17,0.19,40
30,110.5,11,24,0.365,23
45,110.19,6,10,0.25,35
47,110.12,14,18,0.32,60
41,109.7,11,14,0.275,43
47,109.67,14,13,0.32,30
35,109.39,5,24,0.4,18
44,108.42,12,14,0.29,38
41,108.22,9,13,0.335,33
41,108.12,10,14,0.3,50
45,107.46,9,19,0.335,43
30,107.11,8,26,0.375,35
26,106.78,5,24,0.2,3
44,106.77,13,9,0.31,35
41,106.49,12,12,0.29,53
47,106.38,8,8,0.375,38
41,106.38,10,14,0.25,40
32,105.99,14,24,0.355,13
51,105.86,11,13,0.225,23
41,105.17,9,12,0.165,43
29,104.05,9,24,0.28,10
41,103.12,14,13,0.32,30
36,103,8,24,0.25,33
33,102.65,7,26,0.285,38
33,102.63,10,21,0.35,20
48,102.53,7,18,0.355,18
33,102.42,10,21,0.35,28
44,101.79,13,18,0.345,33
45,101.67,13,18,0.23,38
42,101.48,14,17,0.355,48
30,101.08,7,26,0.355,23
41,101.06,7,19,0.215,15
45,101.01,11,11,0.225,35
27,100.99,9,20,0.335,23
47,100.92,10,18,0.3,40
41,100.72,7,15,0.355,33
41,99.95,8,9,0.315,18
29,99.82,9,24,0.22,20
44,99.79,14,11,0.285,55
56,99.62,14,13,0.355,28
33,99.57,11,25,0.225,30
32,99.54,7,20,0.285,18
32,98.67,9,27,0.335,35
44,98.33,8,14,0.25,35
45,97.93,6,14,0.335,43
27,97.89,9,23,0.28,8
44,97.88,14,14,0.285,43
51,97.75,11,18,0.32,53
30,97.36,9,24,0.335,5
30,96.66,12,24,0.25,5
42,96.62,10,21,0.3,25
41,96.42,11,9,0.32,43
48,96.29,13,14,0.345,23
44,96.06,14,15,0.32,30
39,95.83,8,21,0.25,40
44,95.31,10,12,0.4,58
47,95.18,11,16,0.275,25
42,94.96,8,14,0.315,13
51,94.13,8,7,0.19,38
33,93.56,10,17,0.4,25
35,93.13,13,13,0.31,18
32,93.04,14,16,0.355,38
45,92.89,10,12,0.25,35
44,92.88,8,19,0.25,33
48,92.83,12,13,0.125,50
45,92.44,7,14,0.355,10
41,92.39,14,18,0.215,48
41,92.13,11,12,0.275,28
39,91.76,14,13,0.395,40
33,91.75,10,19,0.35,38
36,91.5,10,17,0.35,40
42,91.22,11,10,0.225,53
30,90.68,9,24,0.28,20
36,90.56,8,17,0.315,38
41,90.38,8,10,0.315,48
42,90.01,10,13,0.25,18
42,89.61,12,13,0.25,25
39,89.58,10,14,0.25,43
29,89.28,12,20,0.21,8
47,89.23,9,9,0.39,25
44,89.2,8,14,0.19,20
45,88.81,9,15,0.445,28
45,88.68,10,15,0.35,35
45,88.64,11,19,0.275,38
47,88.09,7,20,0.355,23
45,88.06,9,17,0.28,60
45,87.78,11,12,0.41,38
27,87.75,8,27,0.25,35
50,87.47,11,13,0.275,8
27,86.39,10,24,0.35,18
53,86.19,10,10,0.4,30
44,86.01,8,12,0.25,35
53,85.88,9,7,0.335,23
35,85.65,8,26,0.25,23
48,85.53,9,12,0.335,20
33,85.22,10,17,0.25,33
35,84.38,9,11,0.22,43
36,83.81,7,19,0.285,50
47,82.38,10,13,0.3,33
36,80.49,11,21,0.275,15
45,80.19,8,16,0.375,33
44,78.84,5,24,0.4,28
47,77.28,17,11,0.235,48
51,75.69,8,16,0.375,28
51,74.34,11,16,0.275,38
54,74.16,8,15,0.19,33
45,73.4,10,7,0.3,48
41,72.62,10,10,0.3,13
47,72.38,6,11,0.335,33
36,71.9,12,14,0.21,40
50,71.76,13,16,0.27,53
36,71.28,12,14,0.25,53
39,71.02,11,15,0.32,18
35,70.11,11,25,0.365,0
35,65.85,8,24,0.25,18
24,65.82,8,18,0.315,28
42,64.77,10,18,0.3,33
39,63.83,15,10,0.335,35
38,61.47,11,14,0.275,28
44,60.38,12,16,0.415,38
50,60.19,13,12,0.27,50
29,58.51,11,23,0.225,23
47,57.11,10,12,0.25,25
45,57.06,11,9,0.32,53
42,55.22,8,19,0.375,35
42,54.49,8,12,0.315,23
38,54.05,9,13,0.28,48
33,53.81,10,17,0.35,8
50,50.16,6,12,0.25,28
50,46.16,9,11,0.28,28
45,42.72,12,14,0.25,30
50,41.43,9,17,0.28,28
24,38.35,12,19,0.375,15
47,34.97,7,16,0.285,25
39,33.91,10,12,0.25,35
36,32.71,10,26,0.2,23
47,31.48,9,16,0.22,45
39,25.51,10,16,0.4,43
48,14.45,9,14,0.28,23
42,10.62,9,13,0.28,40
